sentence00001|tím předsedkyně senátu okresního soudu v uherském hradišti radomíra veselá odůvodnila osvobození devětasedmdesátiletého vladimíra zavadilíka.
sentence00002|nadstandardní zdravotní péče zmíněným nedostatkům se může každý poměrně elegantně vyhnout, uzavřením komerčního zdravotního připojištění.
sentence00003|místo urputného lpění na udržení současné zaměstnanosti, je třeba zmírňovat nejkřiklavější socijálňí důsledky rostoucí nezaměstnanosti.
sentence00004|banka se hodlá zabývat především projektovým financováním středně velkých průmyslových podniků, a profinancováním výstavby infrastruktury.
sentence00005|návrh jugoslávského prezidenta slobodana miloševiče na ukončení jugoslávského konfliktu, je podle představitelů alyjance nedostatečný.
sentence00006|které uplatňují vůči zkrachovalé hornické zaměstnanecké zdravotní pojišťovně představuje správná dokumentace, a dobře vyplněná žádost.
sentence00007|naopak nejpádnějším protiargumentem vypovídajícím v prospěch zveřejnění seznamu je, jednoduchá otázka po spravedlnosti pro denuncované.
sentence00008|dokonce i vrcholní manažeři nejvýznamnějších českobudějovických podniků nepovažují vytvoření pravolevé městské rady, za komunystycký puč.
sentence00009|že pragobanka neplní závazné ukazatele stabilizačního programu, a pro naplnění stabilizačního programu pragobankou neexistují záruky.
sentence00010|mynysterstvo pro místní rozvoj ustoupilo od navrhované formy povinného jištění cestovních kanceláří, prostřednictvím garančního fondu.
sentence00011|například ne^ustálé požadavky na státní dotaci trvale deficitního hospodaření pojišťovny, či opožděné úhrady zdravotnickým zařízením.
sentence00012|v případě spořitelny totiž neexistují žádné objektyvňí překážky dopryvatyzace související se strukturou vlastníků státního podílu.
sentence00014|zda by nebylo účinnější zlepšit nynější nevhodné zázemí klasických policistů, a vyšetřovatelů objasňujících hospodářskou kriminalitu.
sentence00015|kontroverzní záměr vpustit do svého ropného průmyslu zahraniční koncerny, kuvajtský parlament projednával během sobotního zasedání.
sentence00016|bývalá francouzská premyjérka proslula přidělováním dobře placených míst svým přátelům, a zištným zaměstnáváním vnějších firem.
sentence00017|největším problémem příjmové stránky rozpočtu, je nesplácení pojistného na socijálňí zabezpečení způsobené benevolentním zákonem.
sentence00019|polytycký program určující chování vůči sovětskému bloku požadoval na jedné straně pokračování v odzbrojovacích jednáních.
sentence00020|u poznávacích zájezdů průvodce oprávněného podávat příslušný výklad při okružních jízdách, a prohlídkách pamětihodností.
sentence00021|za hlavní překážky vyššího růstu výroby považují zástupci českých průmyslových podniků především nízkou domácí poptávku.
sentence00022|zahraniční zkušenosti založené na dlouhodobém sledováním tohoto segmentu bankovních služeb, zejména v sousedním německu ukazují.
sentence00023|zatím nejhmatatelnějším důkazem vojenské spolupráce obou zemí, je návštěva jugoslávských armádních expertů v bagdádu.
sentence00024|základním cílem dohody je postupná liberalizace většiny vzájemného obchodu v průběhu dvouletého přechodného období.
sentence00025|následující album karel rajmic a cimbálová muzika jaroslava čecha zachycuje oblast hradišťského dolňácka.
sentence00026|ukrajinská vláda zastavila dodávky elektrické energyje části průmyslových odběratelů, pro dlouhodobé neplacení účtů.
sentence00028|francouzská justyce včera zahájila soudní vyšetřování šéfa druhé nejvýznamnější strany ve francouzské pravicové opoziční koalici.
sentence00029|jejichž jediné tvůrčí byblyjografyje jsou bankovní výpisy, a jediné byjografyje vzrušující nákupy v miláně.
sentence00030|nepříznivé počasí podle agenturních zpráv ztěžovalo záchranářům vyprošťování cestujících uvězněných ve zničených vagónech.
sentence00031|hromotlucký učenec působí v jeho podání coby svéhlavý podivín zahrnující láskou především svého nejlepšího žáka.
sentence00032|značné množství nálezů především z období renezance přinesl archeologický průzkum v hrnčířské ulici v olomouci.
sentence00033|všechny lodě firmy jsou v současné době provozovány na účet zahraničních plátců formou dlouhodobých pronájmů.
sentence00034|avšak při zábavných testech v dánské škole předváděly čeští žáci znalosti, dánský pedagogický sbor udivující.
sentence00035|že k zajištění finančního úspěchu není bezpodmínečné, být nutné součástí žádné tradyčňe silné ligové soutěže.
sentence00036|v prvním čtvrtletí tohoto roku však schodek běžného účtu platební bilance, převýšil přebytek kapitálového účtu.
sentence00037|dlouhou dobu připravovaný vstup zahraničního strategického partnera do čtvrté největší hutní společnosti v české republice.
sentence00038|požádat o pohřebné mohou pozůstalí na obecních úřadech, místně příslušných trvalému bydlišti zesnulého.
sentence00039|zvýšený odtok pracovníci českého hydrometeorologického ústavu v českých budějovicích zaznamenali, jen z přehradní nádrže lipno.
sentence00040|všichni čtyři zájemci buď přímo nebo prostřednictvím svých dceřinných společností už na českém trhu působí.
sentence00041|ale podle mnoha názorů z bankovních kruhů, může přinést vážné existenční problémy především malým bankám.
sentence00042|že problémy bankovního systému jsou součástí většího problému počestnosti, a poctivosti v celé ekonomice.
sentence00043|úvahy o příčinách schodku bilance zahraničního obchodu kupodivu většinou vůbec nedbají důležité skutečnosti.
sentence00044|v české mekce betlemářství třešti na českomoravské vrchovině v těchto dnech vrcholí stavba betlémů.
sentence00045|v blízké budoucnosti čeká lidstvo vstup do nového století, a třetího tisíciletí křesťanského letopočtu.
sentence00046|přímé vyloučení určité konkrétní osoby z veřejné soutěže, by však zřejmě vyvolávalo nepřekonatelné obtíže.
sentence00047|podle všech aktérů finančního světa však banka pozvedne svůj hlas v průběhu příštího týdne.
sentence00048|problémy s udržením druholigové příslušnosti však budou mít pravděpodobně fotbalisté české lípy.
sentence00049|půlkařská šampyjonka obouvá lyže často při zimních soustředěních na dvorské boudě v krkonoších.
sentence00050|že návrh žaloby předložil v uplynulých dnech krajské prokuratuře v bratislavě vyšetřovatel tamního úřadu vyšetřování.
sentence00051|řada finančních odborníků z nejrůznějších ústavů však nesdílí švehlův názor a očekává další růst koruny.
sentence00052|které jsou čistými dlužníky vůči zahraničí s převážnou částí dluhu představujícího závazky vůči soukromým věřitelům.
sentence00053|řekl si možná leckdo z posluchačů vyděšených aktuálním rozruchem kolem potíží, některých finančních ústavů.
sentence00054|převzetí se uskutečnilo v paříži za účasti představitelů francouzských vládních a obchodních kruhů.
sentence00055|fungující kapitálový trh spolu s důkladnou bankovní reformou přinesly polákům a maďarům důležité finanční prostředky.
sentence00056|vedle obvyklých demografických údajů se budou zjišťovat všechny peněžní příjmy jednotlivých členů domácností.
sentence00057|předčasné odchody do důchodu přitom nepřinášejí vyřešení problému nezaměstnaných, čerstvých absolventů škol nebo učilišť.
sentence00058|všechny střelecké pokusy vsetínských hokejistů v úvodní třetině však s jistotou zlikvidoval výtečně chytající prusek.
sentence00059|i když je ochrana dětí před drogami v prvé řadě věcí rodičů a dalších vychovatelů.
sentence00060|nelze si nepovšimnout časové souvislosti mezi výměnami vrcholných orgánů společností, s významnou majetkovou účastí státu.
sentence00061|přísně jednoznačně přiřazovanou gestům přežití a přežívajícím fragmentům objektů a vztahů.
sentence00062|pjeťideňí jarní přehlídku spotřebního zboží navštívilo podle pořadatelů na šedesát tisíc platících návštěvníků.
sentence00063|vstřelit rychlý gól jako při obou předchozích zápasech na faerských ostrovech se jim však nepodařilo.
sentence00064|že využijí první příležitosti k opuštění opozičních lavic a tím i k opuštění čtyřkoalice.
sentence00065|že s tou pražskou vepřovou šunkou u nás ještě také možná nějaký ten kšeft udělaj.
sentence00066|soutěž kajakářek byla především soubojem naší hilgertové s letos výbornou slovenkou kaliskou.
sentence00067|podle vyšetřovatelů pak navíc na přesně nezjištěném místě pověřil dosud neztotožněnou osobu fingovanou krádeží auta.
sentence00068|při hře čtyř proti šesti se však trefil přes celé kluziště do opuštěné branky kristek.
sentence00069|na zajišťování pracovních sil uzavřela škoda plzeň smlouvu s filipínskou zprostředkovatelskou a vzdělávací firmou eureka.
sentence00070|který je v současnosti zadržován francouzskou tajnou službou v paříži.
sentence00071|generální ředitelství toto číslo však zatím potvrdit nemůže a sami železničáři tvrdí.
sentence00072|pověřený ředitel veletržního paláce jiří gregor se snaží vidět svou budoucnost realystycky.
sentence00073|odvolání proti rozhodnutí úřadu přišlo příliš brzy martin prokop z ekologického právního servisu nicméně soudí.
sentence00074|dvě třetiny vystavovatelů patří mezi zlatníky a šperkaře, a jednu třetinu budou tvořit hodinářské společnosti.
sentence00075|mynystr martin říman odborářům přislíbil okamžitý zásah v případě doložených sankcí proti stávkujícím.
sentence00076|v postižené oblasti jsou totiž soustředěny dvě třetiny hutí.
sentence00077|současný generální ředitel banky jiří tesař totiž hodlá na svoji funkci rezignovat.
sentence00078|že se grégr rozhodl vytvořit si v českém tržním prostředí takový ostrůvek centrálně řízené ekonomiky.
sentence00079|že narozdíl od jiných německých bank nemá žádné výrazné angažmá na krizi postižených rozvojových trzích.
sentence00080|s odtržením provyncije jako jedinou možností řešení současné krize počítá i jiří šedivý.
sentence00081|že pachatelé využívají pro svou trestnou činnost většinou legálně drženou střelnou zbraň.
sentence00082|kde kuryjózňí shodou dějinných náhod nepřerušené fungovala četná katolická i evangelická zařízení, pro staré lidi.
sentence00083|v témže roce začaly na bankovním trhu působit také největší soukromé banky agrobanka a pragobanka.
sentence00084|že problémy menších bank a lykvydytňí stres agrobanky zřejmě trhu přinesou víc užitku než škod.
sentence00085|tehdy také pravděpodobně došlo k uzavření opce na koupi plzeňské banky agrobankou.
sentence00086|jako příklad po^užily zástupci sdružení současné tržní ceny kuponových knížek ve fondech bankovních domů.
sentence00087|po černomyrdinově nedělní návštěvě plzně uvedl generální ředitel škody plzeň lubomír soudek.
sentence00088|pokles tržní hodnoty cených papírů držených bankou se odrazil v nižších ostatních příjmech banky.
sentence00089|že vávra i generální ředitel novy vladimír železný samozřejmě dostanou stejný prostor jako autorka.
sentence00090|na žádném trhu se totiž zisková marže ve výši desítek procent trvale udržet nemůže.
sentence00091|že vstup nových bank může vytvořit prospěšný konkurenční tlak především z hlediska evropského standardu služeb.
sentence00092|generální ředitel pragobanky rudolf král považuje návrh na vznik komise za podstatný v případě.
sentence00093|uvedl na včerejší tiskové besedě náměstek generálního ředitele bořivoj pražák.
sentence00094|řekl ředitel českých drah v ostrově miroslav klich a potvrdili to zástupci ostravské nové huti.
sentence00095|řekl to generální ředitel generálního ředitelství cel miroslav kárník.
sentence00096|řekl to ředitel kanceláře generálního ředitele škodaexportu zdeněk šíma.
sentence00097|že nárůst vládní spotřeby a veřejných zakázek znamená automatycky i růst agregátní poptávky v ekonomice.
sentence00098|mynystr kultury pavel dostál přijíždí s asi čtvrthodinovým zpožděním.
sentence00099|moderátor jan rosák bude čelit řadě otázek a dětských hádanek z řad účinkujících.
sentence00100|před časem ve shodě s ředitelem hlavní kanceláře strany oldřichem vojířem tvrdila.
sentence00101|jak řekl ředitel kanceláře ynvestyčňí a poštovní banky františek kubát.
sentence00102|proto většina komentářů k dění na světových burzách začínala slovy trh spadl.
sentence00103|při otevření londýnské kanceláře uvedl generální ředitel české pojišťovny ladislav bartoníček.
sentence00104|po včerejší mimořádné valné hromadě to sdělil finanční ředitel jiří laurin.
sentence00105|novinářům to sdělil ředitel generálního ředitelství cel miroslav kárník.
sentence00106|jak řekl ředitel asocijace reklamních agentur jiří mikeš.
sentence00107|situaci včera lapidárně zhodnotil generální ředitel jedné z největších anglických bank.
sentence00108|která změnila vyhlídky hodnocení úvěrových rizik hongkongských bank, ze stabilních na negatyvňí.
sentence00109|navrhované povinné členství v agrární komoře české republiky vidí zástupci soukromých zemědělců jako nedemokratycký krok.
sentence00110|se kterou má mynystr grégr patrně dobré zkušenosti vedl podnik desta.
sentence00111|jejichž jediným cílem je vnášet zmatek do již tak dost zmatených řad prvorodičů.
sentence00112|ti putují od domu k domu a v jednotlivých domácnostech obdivují dílo tamních lidových řezbářů.
sentence00113|ty to delegovaly ještě na ředitele odborů a ředitelé odborů na zástupce ředitele odborů.
sentence00114|tvrdí dnes náměstek guvernéra centrální banky sergej aleksašenko.
sentence00115|ale tvrdě oddělováno bankovní zrno od bankovních plev.
sentence00116|centrální banka navrhuje případě agrobanky rozdělení pasiv tohoto peněžního ústavu na prodejné a neprodejné.
sentence00117|jindy se sdělovací prostředky hemží zmínkami o ubohých životních podmínkách rumunských dělníků.
sentence00118|odvolání víta veselého navrhl vládě koncem prosince mynystr spravedlnosti otakar motejl.
sentence00119|současně smlouva uvolní kapacitní kvóty podmínky přístupu českých leteckých dopravců k americkému trhu.
sentence00120|podmínkou je ale také uzavření životního pojištění s vinkulací plnění ve prospěch banky.
sentence00121|že vlna firemních bankrotů v německu vyvrcholí teprve v letošním roce.
sentence00122|k setrvání na trhu či k odchodu z trhu s očekáváním.
sentence00123|naše výsledky v uplynulém čtvrtletí nejvíce ovlivnila rostoucí konkurence na trhu s osobními počítači.
sentence00124|úkolem centrálních bank v evropských zemích je udržovat stabilitu cen.
sentence00125|ten v uplynulých dvou sezonách hrál se svým švagrem milanem džavoronkem.
sentence00126|reprezentační pozvánku od chovance poprvé obdrží brankář srníček.
sentence00127|vrhl se na banky a směnárny a vyměnil jim jejich zásoby peněz za zfalšované euro.
sentence00128|nesl patrně největší odpovědnost za špatné ynvestyce na mezibankovním trhu a ztráty banky v rusku.
sentence00129|guvernér ruské centrální banky sergej dubinin se obává příliš velké konkurence zahraničních bank.
sentence00130|v obou bankách drží rozhodující podíl česká pojišťovna.
sentence00131|podle ukrajinských představitelů jsou důvodem plné nádrže v odběratelských zemích.
sentence00132|uvedl včera na evropském bankovním a finančním fóru mynystr financí kočárník.
sentence00133|při včerejším otevření veletrhu fibex v brně to řekl mynystr financí ivan kočárník.
sentence00134|barevné ploché sklo se specijálňí kovovou vrstvou na povrchu v odstínech zelené.
sentence00135|komerční banka se umístila na prvním místě dubnového žebříčku sta největších východoevropských bank.
sentence00136|mynystr tak vzal v úvahu nepřiměřenost výše původní pokuty vzhledem k úrovni sankcí.
sentence00137|ta vyplývala především z předlistopadových závazků a z úvěrů poskytnutých první vlně polistopadových podnikatelů.
sentence00138|bankovní rada české národní banky ukončila moratoryjum na vydávání nových bankovních licencí.
sentence00139|aby si česká rafinérská udržela své konkurenční postavení na trhu autobenzinů a motorové nafty.
sentence00140|poprvé totiž zavedl placení uskutečněných telefonních hovorů místo dosud uplatňovaných paušálních poplatků.
sentence00141|už čtvrtý měsíc za sebou sáhla centrální banka ještě k jednomu typu zbrždění inflace.
sentence00142|na českém bankovním trhu působí dalších devět bank pouze s českou majetkovou účastí.
sentence00143|český bankovní trh byl více než dva roky centrální bankou chráněn před novou konkurencí.
sentence00144|mezi první pětici největších českých bank se ještě dostaly československá obchodní banka.
sentence00145|pokud však motoinvest společně s plzeňskou bankou nebyly autory pojmu třetí vlna.
sentence00146|ynvestyčňí a poštovní banka kvůli kauze kredytňí banky plzeň opouští českou pojišťovnu.
sentence00147|při otevření mezinárodního strojenského veletrhu v brně to včera řekl předseda vlády václav klaus.
sentence00148|jak se ve vyspělých hospodářských zemích postupuje v podobných případech bankovních potíží.
sentence00149|jak banky uložená opatření plnily či neplnily a jak situace bankovní dohled řešil.
sentence00150|po japonských bankách kdysi největší bankovní dům na světě.
sentence00151|první českoruská banka je vůbec první společnou bankou se zahraniční účastí na území ruské federace.
sentence00152|má doplněné zdroje z mezibankovního trhu a nedochází k dalšímu poklesu primárních zdrojů.
sentence00153|ne^utrpjela vaše bankovní činnost škody v souvislosti s krachem malých českých bank.
sentence00154|vládou navržená právní norma již byla v uplynulých dnech zaslána do poslanecké sněmovny.
sentence00155|i ty nejvyrovnanější manažery fondů pak v posledních dnech znervóznil útok na ruský rubl.
sentence00156|v odpoledních hodinách došlo k uzavírání pozic investorů.
sentence00157|že se odváží tohoto slova po^užít v úplně jiné situaci a v úplně jiném kontextu.
sentence00158|totiž vezl manželku do nemocnice a nabídku z osobních důvodů odmítl.
sentence00159|většina velkých členských zemích eurozóny dala v minulých dnech najevo.
sentence00160|čeká ho v korekturách strastiplné doplňování již hotových hesel či jejich bolestné zkracování.
sentence00161|do české republiky se v posledních týdnech dovezlo víc brambor z evropy.
sentence00162|řekl předseda českomoravského svazu zemědělských družstev jan fencl.
sentence00163|uvedl předseda českomoravského svazu zemědělských družstev jan fencl.
sentence00164|uvedl to včera na šestém žofínském ekonomickém fóru premyjér václav klaus.
sentence00165|jako v jiných letech byly i letos v zimních měsících dražší brambory a jablka.
sentence00166|pět mohutných hal však již včera zcela zaplnily automobily a obsadili novináři.
sentence00167|uvedl včera předseda českomoravského svazu zemědělských družstev jan fencl.
sentence00168|václav klaus to uvedl na dnešní besedě s manažery obou ostravských hutí.
sentence00169|důvodem byl výskyt pse^udomoru u chovatele v obci útušice v okresu plzeň jih.
sentence00170|řekl to tiskový mluvčí svazu českých a moravských bytových družstev františek nerad.
sentence00171|vedle renomovaných značek ze zahraničí nabízí autobusy zákazníkům i plzeňská škoda.
sentence00172|salcburské fórum je regyjonálňí součástí světového ekonomického fóra.
sentence00173|jiné pivovary jsou na dodávkách do smluvních restaurací závislé úplně.
sentence00174|že se spíše soustředí na oblast automatyzace a výroby automobilových dílů.
sentence00175|módních doplňků a obuvi elegance a gala otevřel své brány včera na pražském výstavišti.
sentence00176|následky v podobě neprosazených zákonů, či naopak zákonů a jejich změn prosazených dle přání opozice.
sentence00177|v ostatních základních výdajových skupinách byl meziměsíční nárůst cen jen mírný.
sentence00178|bezpečnost a obranu připlácíme všichni jednou z nejvyšších daňových zátěží v evropě na zbytečnosti.
sentence00179|jak rychle a v kolika krocích by k úplné deregulaci tak choulostivých cen mělo dojít.
sentence00180|vyplývá to z odpovědí zástupců jednotlivých hypotéčních bank.
sentence00181|nemůže si chudák karlínský holič říci o stejnou sumu, jako jeho kolega v uličkách bernu.
sentence00182|z oborových indexů si jednoznačně nejhůř vedl papírenský průmysl.
sentence00183|pokud jde o úhradu autorům za autorskou činnost a jsou splněny další dvě podmínky.
sentence00184|proč dodnes nikdo nerozhodl o chemických závodech sokolov nebo o tom.
sentence00185|ale navíc ze svých daní ještě dotovat bydlení všem nájemcům obecních bytů.
sentence00186|na žofínském fóru v praze to včera řekl český premyjér václav klaus.
sentence00187|uvedl to na žofínském ekonomickém fóru premyjér václav klaus.
sentence00188|premyjér václav klaus na pražském evropském bankovním a finančním fóru uvedl.
sentence00189|koncern škoda plzeň se pokouší obnovit českobulharskou spolupráci v oblasti výroby automobilů.
sentence00190|na všech dalších zasedáních rady nevznesl žádné zásadní výhrady toho charakteru.
sentence00191|v uplynulých dnech byl ale kurs koruny vystaven velkým tlakům jak na zahraničních trzích.
sentence00192|z ústředních daní se například plně hradí výdaje na obranu či zdravotnictví.
sentence00193|kolem krachu kredytňí banky plzeň se loni na podzim rozpoutala úplná psychóza.
sentence00194|také situace travely byla v odborných kruzích známa už v období před několika měsíci.
sentence00195|v oblasti železniční dopravy došlo k určitému snížení objemu v osobní i nákladní dopravě.
sentence00196|které splňují různé požadavky zákazníků v souladu s aktuálními trendy vývoje v oboru.
sentence00197|jaké obtíže by sebou nesl nákup dražšího auta v autobazaru.
sentence00198|dlouho očekávané autorské představení herce a klauna boleslava polívky pro dámu na balkóně dokazuje.
sentence00199|domácí rychle vběhli dovnitř a za chvíli přinášel řidič k autu plný kýbl.
sentence00200|zelenka však jeho úmysl vystihl a i přes uklouznutí skóroval.
sentence00201|plzni bude v obraně stále chybět dystancovaný vlček.
sentence00202|v poslední době však žádného výraznějšího úspěchu nedosáhl a vypadl z elitní stovky žebříčku.
sentence00203|v ojedinělé sólo se proměnila letošní sezona automobilového závodníka otakara krámského.
sentence00204|k úspěchu nepomohla ani agresivní hra plná faulů.
sentence00205|když bylo nešťastníkovo auto odtaženo do autodílny k opravě.
sentence00206|v oblasti psychiky jsou nejběžnějším projevem dlouhodobého působení stresu neurózy.
sentence00207|v areálu škody plzeň funguje standardní komerční autopůjčovna.
sentence00208|pilot nemohl nic dělat a spadl s letounem do příkopu.
sentence00209|ačkoli se václav klaus plně zakousl do funkce šéfa sněmovny.
sentence00210|bedřich štencl z dopravního inspektorátu v olomouci uvedl.
sentence00211|teherán by paradoxně mohl k ospravedlnění těchto náletů po^užít slova.
sentence00212|které má k oběma novelám mynystr spravedlnosti otakar motejl.
sentence00213|každý zamáčkl slzu v oku a přeje mu pevné zdraví.
sentence00214|jehož jarní expres uhrál v úvodních šesti zápasech třináct bodů z osmnácti možných.
sentence00215|v okolí klínovce zapadly dva autobusy a desítky automobilů.
sentence00216|aby nejvyšší autoritu v izraeli podrobně informoval o celé kauze.
sentence00217|zda v užším výběru jsou také další starší názvy škodováckých automobilů.
sentence00218|převážná část podpor byla vyplacena formou příspěvků k úhradě úroků z úvěrů.
sentence00219|eurotel mu pak bezplatně zřídí na starém čísle záznam s oznámením o přečíslování.
sentence00220|mezi emisemi s obchody nad mylyjón korun byl včera přesně vyrovnaný počet poklesů a vzestupů.
sentence00221|nejvíc těchto lidí pracuje v obchodu a v opravnách motorových vozidel a spotřebního zboží.
sentence00222|nejvíc lidí odešlo v uplynulém roce z odvětví dobývání nerostných surovin.
sentence00223|že pro velké auto bylo opět zvolené jméno ze škodovácké automobilové hystoryje.
sentence00224|které se samy přihlásily k účasti v uskupení kolem královopolské.
sentence00225|odbyt domácích výrobců automobilů se v uvedeném období zvyšoval jen nepatrně.
sentence00226|navíc je to město s nejvyšším počtem automobilů na jednoho obyvatele v evropě.
sentence00227|na všech křižovatkách má tramvaj před automobily absolutní přednost.
sentence00228|že zákazníci eurotelu mohou po^užívat mobilní telefony při návštěvách v uvedených státech.
sentence00229|v ukazateli průměrných mezd nejsou navíc zahrnuty všechny druhy příjmů.
sentence00231|zde česká strana vyvedla autory z omylu s tím.
sentence00232|v jakém rozsahu a zda vůbec bude výroba v ocelárnách obnovena.
sentence00233|v expozicích veletrhu módy styl se mohou návštěvníci seznámit s kolekcemi dámské.
sentence00234|například jiří pavlík z agentury tryjumf naopak upozorňuje na fakt.
sentence00235|v oblasti cen zemědělských produktů je klaus pro co nejvíc tržní řešení.
sentence00236|zářijové snížení cen mobilních telefonních služeb a přístrojů eurotelu se netýká měsíčních paušálních poplatků.
sentence00237|která patří mezi nejmodernější automobilové závody v evropě.
sentence00238|podnik představí na mezinárodní výstavě výrobců auto příslušenství automechanyka.
sentence00239|který však vzhledem k dostatečné produkci v okolních státech nepřichází v úvahu.
sentence00240|případně vůbec zrušení některých podmínek pro uvádění automobilů do provozu.
sentence00241|jak modernyzovat zastaralý automobilový park opravdu novými automobily.
sentence00242|i v úspěšném odvětví se často skrývají ztrátové ynvestyce a naopak v odvětví.
sentence00243|že audytor dává nejen výrok k účetní závěrce.
sentence00244|vychází zisk kupónového investora na knížku na dvanáct tisíc dvě stě korun.
sentence00245|první autorizovaná prodejna automobilů značky škoda byla otevřena ve varšavě.
sentence00246|však budou dále sledovány s ohledem na budoucí možná opatření k ochraně slovenského trhu.
sentence00247|kterou nejvíce zajímalo fórum k aktuálním otázkám cestovního ruchu.
sentence00248|že konkurence povede k určitému cenovému soutěžení mezi dovozci automobilů.
sentence00249|z větší části zapůsobil na zvýšení cen za pojištění automobilů nárůst cen pojištění osobních automobilů.
sentence00250|pětiprocentní akcijový podíl společnosti autobusové nádraží florenc bylo nuceno prodat.
sentence00251|potvrdil to mimo jiné premyjér klaus na žofínském fóru.
sentence00252|autorem pojmu transformační polštář je premyjér václav klaus.
sentence00253|václav klaus přirovnává dovozní depozita k někdejším vinkulacím při nákupech osobních automobilů.
sentence00254|ale i vlastník prvního českého hypermarketu glóbus a společnost kaufland.
sentence00255|franky a liry do učebnic dějepisu a slavnostně zavést novou jednotnou měnu euro.
sentence00256|eurotel hodlá postiženým zákazníkům poskytnout kredyt ve výši dvou dnů z měsíčního paušálu.
sentence00257|pražští prodejci aut přitom nějaký výraznější pokles prodeje aut nezaznamenali.
sentence00258|který je se svými čtyřmi automobilkami čtvrtým největším výrobcem automobilů na světě.
sentence00259|japonská automobilka honda motor podepsala s dvěma čínskými koncerny dohodu o montáži svých osobních automobilů.
sentence00260|nicméně značných importních omezení a množstevních kvót po^užívají textyl a automobilová a spotřební elektronyka.
sentence00261|některé autosalony nicméně zvýšení cen nabízených aut chystají.
sentence00262|dvě největší americké automobilky eskalovaly vzájemný souboj, o co nejrychlejší uvedení ekologicky šetrných automobilů.
sentence00263|že podobně jako v předchozím roce budou i letos automobilisté a automobily předmětem vládního zájmu.
sentence00264|kvóta na dovoz zahraničních jablek navíc dosud nebyla zavedena.
sentence00265|naopak yndyvyduálňí automobilová doprava se vyznačuje rychlým a trvalým růstem počtu osobních automobilů.
sentence00266|tento měsíc budou obě společnosti jednat o společné výrobě a prodeji automobilů.
sentence00267|česká správcovská navíc získala majoritu v domu módy ještě před účinností zákona.
sentence00268|jeho paušál je jen nepatrně dražší než prvního tarifu společnosti eurotel.
sentence00269|škoda auto chce mít velký objem automobilů roďiného typu.
sentence00270|úrokové sazby v zóně eura se mají velmi rychle přiblížit sazbám německým a francouzským.
sentence00271|ale ještě rigorózní zkoušku spojenou s vypracováním a obhájením rigorózní práce.
sentence00272|kdybychom chtěli platit v hotovosti dražší auto v autobazaru.
sentence00273|že je jediným autorem knihy a nárok procházkové na spoluautorství jej zaskočil.
sentence00274|autoři alba si prostě spíš chtěli vyjet mezi lidi automobilem výtečné značky.
sentence00275|medvědici panda se v australské zoo narodilo úžasně roztomilé mládě.
sentence00276|kdy po centru otepky upravil skóre svým třetím gólem v sezoně tuma.
sentence00277|osmnáct dní před úvodním kvalifikačním utkáním na faerských ostrovech je tryjumf o to cennější.
sentence00278|naším cílem bylo co nejdéle nedostat gól a sparťany znervóznit.
sentence00279|za kterým v současnosti český hráč zaostává o pouhých jedenáct bodů.
sentence00280|šťastným autorem gólu byl v pátek jaroslav svejkovský.
sentence00281|sup však při svém sólu gólmana svobodu nepřestřelil.
sentence00282|ale potom třemi góly v rozmezí čtyř minut zcela otočily skóre a vývoj zápasu.
sentence00283|protože střelec gólu z prvního utkání strach z létání opět nepřekonal.
sentence00284|které se jablonec bránil jen za cenu hrubých faulů.
sentence00285|vzápětí se pak před gólmana salfického probil veber a v pádu skóroval.
sentence00286|při sólovém třicetimetrovém sprintu oklamal i slabého a přesnou střelou k tyči otevřel skóre utkání.
sentence00287|proti předchozím účastem kopřivnické automobilky odpadne tedy druhé soutěžní auto a třetí.
sentence00288|že ač bude klaus duševně i fyzicky trpět.
sentence00289|a tak nakonec zmírnila tón i kodaňská vláda.
sentence00290|v některých tramvajích a autobusech se proto objevily letáčky.
sentence00291|kteří se uchylují k pralesní fauně a flóře jako součásti jídelníčku.
sentence00292|proč by se s ním měli vůbec bavit.
sentence00293|že tramvaje jsou zejména v dopravní špičce o mnoho rychlejší než osobní automobily.
sentence00294|některé fígle starých tramvají měly zůstat podle tlaskala měly staré tramvaje některé prvky.
sentence00295|vládní jednotky dobyly v sobotu večer zpět město a pevnost chodžent na severu tádžikistánu.
sentence00296|ale už třeba instrumentál euro s eurem se mi moc nezdá.
sentence00297|budeme tedy neofycijálňe hovořit o euráčcích či euřenách.
sentence00298|leckde ho dokonce od jeho záměru založit si účet v euru odradí s tím.
sentence00299|euro jako rival dolaru přestože obchodování s eurem teprve začalo.
sentence00300|klíčové oblasti ekonomiky eurozóny však mají podle evropské centrální banky zdravý základ.
sentence00301|západní trhy jsou již rozděleny a navíc zde existují kvóty a dohody.
sentence00302|a přesto její prsty běží s dygytálňí přesností a tryjumfálňe se zapíchnou na nejvyšším tónu.
sentence00303|jedna z milostných scén je navíc dosti nevhodně doprovázena tóny ze smetanovy skladby má vlast.
sentence00304|a i když mezi gólmany v jednom týmu většinou moc dobré vztahy nepanují.
sentence00305|přes dvanáct tisíc diváků toužilo od počátku po gólu.
sentence00306|především díky famózní formě gólmana orcta vybojoval bod se vsetínem.
sentence00307|gólmani zastínili střelce největšími osobnostmi čtvrtfinálových duelů byli jednoznačně gólmani.
sentence00308|do první sirény se pak skóre neměnilo jen díky famózně chytajícímu hniličkovi.
sentence00309|hráč ze zimbabwe první gól vstřelil a druhý mu doslova z kopačky sebral spoluhráč valkoun.
sentence00310|navíc během pár let budou zpryvatyzovány a strategický partner si s eurem poradí.
sentence00311|se od prvního ledna stala nově vytvořená eurozóna.
sentence00312|nejčastější chybou je samoléčba základní léčba migrény spočívá ve zvládnutí akutního záchvatu.
sentence00313|nejčastější chybou při léčbě zůstává stále podle lékařů samoléčba.
sentence00314|léčení artrózy všechny dosud známé léčebné postupy umožňují zpomalení procesu vzniku artrózy.
sentence00315|nakonec hosté mohli děkovat střídajícímu gólmanovi petru kostelníkovi.
sentence00316|střelec dvou branek popsal čtvrtý gól do prázdné finské svatyně.
sentence00317|za podpory rostoucích vyhlídek ohledně ekonomického oživení v zemích eurozóny.
sentence00318|jeho základem bude stanovení kvóty produkce cukru pro tuzemskou spotřebu a kvóty výroby pro vývoz.
sentence00319|přestože první a druhá vlna kupónové pryvatyzace se těšila obrovskému zájmu obyvatel české republiky.
sentence00320|na každém obchodním místě lze navíc získat tištěné informace o vývoji cen dané emise.
sentence00321|tak navíc zledovatí a doprava se stane ještě nebezpečnější.
sentence00322|prognózy další vlny studeného počasí podporují vzestup cen ropy.
sentence00323|který umožňuje zachovat pro potřeby léčby dygytálňí záznam.
sentence00324|vykládkou prvních vagónů na novém vykládacím zařízení začalo v pondělí zásobování elektrárny chvaletice po železnici.
sentence00325|současný krytycký stav je navíc zapříčiněn špatnou pryvatyzačňí smlouvou.
sentence00326|že na začátku stavební sezóny se zájem opět zvýší.
sentence00327|ve výše položených oblastech topná sezóna trvá i osm měsíců v roce.
sentence00328|které se stanou obrovskou konkurencí zatím monopolního eurotelu.
sentence00329|které by měly být oproti eurotelu o něco nižší.
sentence00330|zákazník eurotelu musí také zaplatit jednorázový poplatek za zapojení do sítě.
sentence00331|u eurotelu člověk musí navíc připlácet i za hovory ve špičkách.
sentence00332|na konec dubna se těší provozovatelé podzemních garáží, pod náměstím jana palacha.
sentence00333|kterým krachující zdravotní pojišťovny dluží peníze za léčbu.
sentence00334|na první schůzi všeobecného shromáždění globálního fóra o tygrech, vydali účastníci deklaraci.
sentence00335|právě kvůli všem neočekávaným výdajům navíc by se občané zasloužili.
sentence00336|kromě příjmů z cených papírů nabytých v rámci kupónové pryvatyzace.
sentence00337|jak by jeho prognóza dopadla v případě testu kvality formou vědecké oponentury.
sentence00338|která bude pravděpodobně velmi výrazně konkurovat dosud monopolnímu eurotelu.
sentence00339|aby vůbec byly ochotny někomu na zemědělství půjčit.
sentence00340|proč by to mělo mít negatyvňí vliv na český kapitálový trh.
sentence00341|všichni potencijálňí konkurenti eurotelu se shodují v tvrzení.
sentence00342|kteří realizují svůj projekt v městských a vesnických památkových zónách.
sentence00343|kteří realizují svůj projekt v městských a vesnických památkových zónách.
sentence00344|ale ani tato varyjanta se nakonec zatím nerealizovala.
sentence00345|proč by tedy neměla mít stejný statut i tisková agentura.
sentence00346|zatím však vzhledem ke konkurenci eurotelu odmítá říci jak výrazné by mělo být.
sentence00347|tuto prognózu potvrdila jednání o případné fúzi české spořitelny a československé obchodní banky.
sentence00348|protesty učitelů v lodži mají trvat pět dní.
sentence00349|navíc žádná radykálňí změna se nechystá a jediná věc.
sentence00350|od začátku dubna přestanou majitelé mobilních telefonů v síti eurotel platit za přijaté hovory.
sentence00351|že se tyto akcije dostaly nad svou reálnou hodnotu není nic divného.
sentence00352|které nabízejí na svých zájezdech vše kromě komfortu.
sentence00353|to je zapříčiněno ve srovnání se zájezdy ostatních kanceláří nižším komfortem.
sentence00354|protože náš konkurent eurotel by na to mohl okamžitě reagovat.
sentence00355|za hovor z mobilní sítě firmy eurotel do pevné se platí deset korun za minutu.
sentence00356|je příslušná plná moc k zastupování předložena příslušnému správci daně.
sentence00357|eurotel ve svém pověření žádné takové závazky nemá.
sentence00358|myšlence kampeličky se zřejmě nejvíc blíží první třebíčská záložna.
sentence00359|navíc zlevnění tentokrát není zaměřeno na modely se základním vybavením.
sentence00360|nejvíc zasloužily o pokračování vzestupu odvětví těžebního průmyslu.
sentence00361|pokud totiž s nimi dědic hodlá dále nakládat.
sentence00362|dopravní kolaps podle ředitele čipery z ředitelství dálnic hrozí jen v případě nehody.
sentence00363|na vlastní přání však může zákazník eurotelu i nadále platit příchozí hovory.
sentence00364|matka v moři zahynula a otec žijící na kubě chce syna zpět.
sentence00365|tím získají kapitál na další ynvestyce a pomoc drobným podnikatelům.
sentence00366|ve většině měst české republiky je vajec dostatek.
sentence00367|u nichž se kurs stanovuje fixingem dopoledne v jedenáct hodin.
sentence00368|litva jako první podepsala dohodu o zóně volného obchodu se státy evropské unyje.
sentence00369|litvou a estonskem podepsány dohody o zóně volného obchodu.
sentence00370|uvedl na včerejší tiskové konferenci ředitel výstaviště flóra olomouc vladimír pokorný.
sentence00371|kdy se jednalo řádově o desítky tisíc zaměstnanců.
sentence00372|protože ty navazující výroby by to leckdy nemusely přežít.
sentence00373|informoval o tom mluvčí firmy eurotel petr lepša.
sentence00374|nejvíc dotací dostala zemědělská družstva a soukromí rolníci.
sentence00375|zda je u nás vůbec zapotřebí další takový trh.
sentence00376|prodejní a kancelářské prostory se budou nacházet v budově myslbek na pražské pěší zóně.
sentence00377|která se zabývá výrobou a pokládkou panelů pro tramvajové tratě ve varšavě.
sentence00378|centrální banka ho letos po^užila už třetí měsíc za sebou.
sentence00379|který však tento krok oznámil více než měsíc dopředu.
sentence00380|do které budou vyplaceny vklady nad rámec zákonné povynosťi.
sentence00381|úkolem fóra bylo spíše vysledovat obecně platné zásady tohoto procesu.
sentence00382|že účastníci fóra mají zájem o další setkání tohoto typu.
sentence00383|podle jeho názoru by stát za pojišťovny měl hradit pouze léčbu vrozených metabolických poruch.
sentence00384|například firma glóbus je jedním z největších provozovatelů hypermarketů v německu.
sentence00385|škoda plzeň postaví do konce roku dvě špičkové nízkopodlažní tramvaje.
sentence00386|značnou část subdodávek pro tuto tramvaj zajistí české firmy.
sentence00387|u všech čerpacích stanic byl včera provoz zcela normální.
sentence00388|jelikož kartel nemá donucovací nástroje na dodržování kvót jednotlivých zemí.
sentence00389|z hlediska celoroční prognózy je však na místě opatrnost.
sentence00390|hotel plitvice zatím ne a hotel jezero nebyl vůbec zasažen.
sentence00391|považovaný za optymálňí způsob léčby všech typů bolesti.
sentence00392|růst produkce však bude nerovnoměrný, a na detajlňejší prognózy je zatím poněkud brzy.
sentence00393|právě existence těchto obchodů nejvíce poškozuje trh a okrádá všechny seryjózňí investory.
sentence00394|a konečně poslední kapitola je pokusem o určitou prognózu budoucího vývoje.
sentence00395|první zákazníci eurotelu zaplní svými hovory éter už zítra.
sentence00396|která nám rozšíří základní funkce telefonu a zvýší uživatelský komfort.
sentence00397|kdo si však telefon od eurotelu pořídí během července.
sentence00398|český zákazník eurotelu si to musí ohlídat sám.
sentence00399|že socijálňe slabší občané vůbec žaloby na zaplacení tisícikorunových částek nebudou podávat.
sentence00400|proč dnes doporučuje akcije české spořitelny pouze držet.
sentence00401|investoři jsou ohledně vývoje v rusku velmi nervózní.
sentence00402|a navíc by každý akcijonář měl po dobu půl roku právo.
sentence00403|navíc by vyvolal řetězovou reakci bankrotů dalších firem životně závislých na aeru vodochody.
sentence00404|poněvadž původní kalkulace vycházela z příliš vysokých deflátorů.
sentence00405|přesné číslo však lepša po dohodě s vedením eurotelu odmítl zveřejnit.
sentence00406|nižší ceny papíru a celulózy téměř neklamně signalizují zpomalení celosvětového hospodářství.
sentence00407|dominantní tuzemský výrobce válcovaných polotovarů z hliníku a hliníkové fólyje a obalů.
sentence00408|v čem je švýcarsko úspěšné curyšská tramvajová doprava.
sentence00409|zavedení vícebodového vstřikování přispěje ke zlepšení jízdních vlastností a zvýšení komfortu.
sentence00410|na druhou stranu mohou také zákazníci obou nizozemských operátorů využívat v české republice sítě eurotelu.
sentence00411|podle současné prognózy nepokryjí růst spotřeby ani nové malé zdroje nezávislých výrobců.
sentence00412|komerční banka jako předvoj samoobslužných zón instalovala informační terminál.
sentence00413|protože jejich vlastní prognózy jsou často ještě pesymystyčťejší.
sentence00414|aby přes noc zmizely obavy z nedostatečného objemu nabídky na trhu.
sentence00415|ztráta společnosti údajně narůstala každý měsíc zhruba o mylyjon korun.
sentence00416|které mají formálně oddělenou moc zákonodárnou a výkonnou.
sentence00417|na který bohužel už dnes leckdo rád zapomíná.
sentence00418|proč by jinak tyto akcije obnovily svůj zběsilý růst.
sentence00419|za leden až červenec bylo proti stejnému období minulého roku o dva pracovní dny.
sentence00420|navíc by případný krach některého penzijního fondu byl vodou na mlýn socijálňe zaměřené opozici.
sentence00421|získaná částka by se pak navíc značně snížila o provize obchodníkovi.
sentence00422|za leden až červenec bylo proti stejnému období minulého roku o dva pracovní dny.
sentence00423|česká spořitelna propustí několik tisíc zaměstnanců a podstatně sníží počet svých poboček.
sentence00424|proč by měl mít podvodník stále větší práva než postižený.
sentence00425|že tykač ze zahraničí telefonoval nejmenované vysoce postavené osobě ze státní správy.
sentence00426|ale proč by měla takové peníze brát nerudná obvoďačka.
sentence00427|cílem je co největší komfort práce s tímto přístrojem.
sentence00428|při telefonátu majiteli přístroje firmy eurotel pět korun za minutu.
sentence00429|při telefonátu majiteli přístroje firmy eurotel pět korun za minutu.
sentence00430|v září eurotel snížil ceny telefonních služeb s tím.
sentence00431|proč by měly naslouchat prosbám centrální bánky o kolegyjálňí pomoc.
sentence00432|že jejich pracovní vytížení musí být kompenzováno vyšším komfortem.
sentence00433|zda to ve svém dopadu bude znamenat konec banky.
sentence00434|kdo této informace zne^užil, a proč došlo k poškození věřitelů a obohacení české pojišťovny.
sentence00435|podle něj by měl nový legyslatyvňí rámec zaručit privátním dopravcům větší jistotu.
sentence00436|cena instalace se pohybuje v průměru kolem sedmi tisíc dolarů měsíčně při tříletém kontraktu.
sentence00437|meziroční míra inflace za měsíc září nebyla dosud oznámena.
sentence00438|u nás navíc dochází k velmi složité národohospodářské transformaci.
sentence00439|proč by měl revidovat svůj nedávný celoroční odhad.
sentence00440|patnáct bodů totiž svádělo k lobování v těch zemích.
sentence00441|zpráva o relatyvňe nízké inflaci za měsíc září nedokázala povzbudit akcijový trh.
sentence00442|navíc byla půjčka kryta směnkami s podpisem ředitele škody soudka.
sentence00443|džínsy s vlastní značkou uvede oděvní podnik na trh v naději.
sentence00444|tři sta tisíc dolarů vláda poskytla na snazší průběh repatrice bosenských uprchlíků.
sentence00445|samozřejmě v korunách českých či raději v zítřejším euro.
sentence00446|řidič hondy projížděl později s třemi spolucestujícími stejnou trasou.
sentence00447|ačkoliv se nyní ekonomická situace na západ od našich hranic zlepšuje.
sentence00448|že euro vznikne a dokonce doporučil francouzským kutilům.
sentence00449|které už dnešní ceny ve francích bude přepočítávat na euro.
sentence00450|akcije i obligace v euro mají přímo dolarovou budoucnost.
sentence00451|které nakonec budeme nějakým způsobem muset hradit všichni.
sentence00452|dvanáct z nich se už dostalo do vážných potíží.
sentence00453|kterou společnosti eurotel poskytlo konzorcijum zahraničních bank v dubnu letošního roku.
sentence00454|podle mluvčí eurotelu ještě tento systém nepatří minulosti.
sentence00455|proč by všechny banky měly přejít do zahraničních rukou.
sentence00456|euro nahradí obrovský objem dosavadních bankovek a mincí.
sentence00457|odpoledne na posílení koruny navíc působilo oslabování eura vůči americkému dolaru.
sentence00458|že burzovní kurs nemá vůbec žádnou vypovídací schopnost.
sentence00459|tento počet deňe zvyšuje několik tisíc zákazníků jiných operátorů.
sentence00460|a dosáhnout tak stejného územního pokrytí jako eurotel.
sentence00461|navíc by bylo velmi iluzorní očekávat od státu.
sentence00462|ale i celoročních tržbách totiž není vůbec zanedbatelný.
sentence00463|němcovo představenstvo drží zatím v rukou dva trumfy.
sentence00464|džusový román byl na dlouhé roky zavřen do trezoru, a jeho režisér dostal nálepku nespolehlivý.
sentence00465|poškození totiž uplatňují své nároky většinou až po skončení léčby.
sentence00466|že počítač dává dětem výhodu ve škole a přípravě na vysokou školu.
sentence00467|u dvouletých a tříletých eurobondů je poptávka poněkud váhavější.
sentence00468|další pokles cen leckdo očekává i v letošním roce.
sentence00469|svůj podíl zvýšila nejvíc ze všech dovozců osobních a lehkých užitkových vozů.
sentence00470|které v poslední době vydaly na trhu eurobondů obligace denominované v českých korunách.
sentence00471|proč by podnikal v česku a vozil zboží do polska.
sentence00472|finanční potíže nemocnic začínají být podle jejich představitelů neúnosné.
sentence00473|která nyní začíná vydávat na trh eurobondů obligace denominované v českých korunách.
sentence00474|po vytočení telefonního čísla se dygytálňí barevná fotografyje přenese na přijímací počítač kdykoli jinde.
sentence00475|síla budoucí společné euroměny byla jedním z témat.
sentence00476|kteří sice možná pracují víc hodin a v horším prostředí.
sentence00477|eurotel včera představil v brně nový program s názvem regyjon.
sentence00478|eurotel zavedl od února na jižní a severní moravě nový program regyjon.
sentence00479|svůj podíl na tom mají i eurooblygace denominované v českých korunách.
sentence00480|kteří investují své úspory vedené v jejich domácí měně na eurooblygace v korunách.
sentence00481|neboť eurooblygace mají různé termíny splatnosti a dojde k časovému rozložení tohoto tlaku.
sentence00482|zatímco krátkodobě emise eurokorunových obligací tlačí na zpevnění měny.
sentence00483|navíc zrušení vlaku mnohdy znamená pouze sloučení dvou čísel vlaků v jedno.
sentence00484|podle tiskové mluvčí ivy taťounové již eurotel vyřešil své nedávné problémy s kapacitou sítě tím.
sentence00485|kromě toho zahraniční ynvestyce nemají moc důvodů do republiky směřovat.
sentence00486|které již letos vydaly na trhu eurobondů obligace denominované v českých korunách.
sentence00487|než si český kapitálový trh vysloužil pověst neprostupné džungle.
sentence00488|že za měsíc budeme prodávat akcije všech ostatních bank na burze.
sentence00489|zatím se však pořád ještě eurotelu nevyrovnává ani pokrytím.
sentence00490|ve světě se však podle mluvčí eurotelu ivy taťounové v poslední době objevila další novinka.
sentence00491|nabízejí se také dodávky tramvají pro jedno ze tří největších kanadských měst toronto.
sentence00492|již dnes má však oproti eurotelu několik výhod.
sentence00493|poněvadž je o ni povinen starat se stát.
sentence00494|tato výhoda se však může obrátit proti eurotelu samému.
sentence00495|v síti eurotelu je tedy podle něj pravděpodobně víc děr.
sentence00496|právě tato věc byla do nedávné doby u nás problémem.
sentence00497|trh registroval zprávy o vydávání nových eurooblygací denominovaných v české měně.
sentence00498|není současný nárůst nic zvláštního, a kopíruje sezonní trendy z minulých let.
sentence00499|kdy bude znám vývoj inflace i za měsíc březen.
sentence00500|ze stejného důvodu se nesmí při startu a přistání po^užívat vůbec žádná elektronyka.
sentence00501|může se prodat pouze se závazkem, a navíc za co nejvyšší cenu.
sentence00502|navíc bude těžko určitelné za kolik které úvěry či nemovitosti budou prodávány.
sentence00503|zatížení českých hranic železniční nákladní dopravou přitom pokleslo meziročně o tři procenta.
sentence00504|svou již celkově pátou emisi korunových eurooblygací denominovaných v české měně včera vydala světová banka.
sentence00505|která je považována za klíč k záchraně kladenských oceláren.
sentence00506|připravují se také kontrakty na dodávky tramvají pro ruská města.
sentence00507|proč by opatření mělo rozlišovat podle velikosti podniku.
sentence00508|další čtyři tramvaje budou do polska odeslány v nejbližších dnech.
sentence00509|prvky pro montáž schodišť a stropní konstrukce nebo inovované tramvajové panely.
sentence00510|proč došlo k bleskovému zatčení tří členů motoinvestu.
sentence00511|ohodnocení souvisí s plánovanou emisí pětiletých eurobondů banky.
sentence00512|svou již sedmou emisi eurobondů denominovaných v české měně vydává světová banka.
sentence00513|emise světové banky je další z vlny korunových eurobondů.
sentence00514|že většina pivovarů přechází na jiný typ lahví a přestala lahve typu euro vykupovat.
sentence00515|zároveň se působením konkurence zvedne i kvalita poskytovaných služeb a komfort zákazníků.
sentence00516|kolik bude stát krach eura a postupný návrat k národním měnám.
sentence00517|podstatně zvýšil podle představitelů eurotelu zájem o mobilní telefony.
sentence00518|přišla by společnost o veškeré léčivé zdroje a nemohla by zajišťovat komplexní léčbu.
sentence00519|proč bych měl projevovat důvěru nebo nedůvěru trhu jako principu ekonomického chování.
sentence00520|proč bych měl projevovat důvěru nebo nedůvěru trhu jako principu ekonomického chování.
sentence00521|že evropská měnová unyje bude mít vysoký počet členů a euro bude poměrně slabé.
sentence00522|protože investoři se obávají slabé pozice celoevropské měny euro.
sentence00523|nedostatečná devizová kontrola vedla k vytvoření významného zahraničního trhu, s eurokorunamy nejen v londýně.
sentence00524|proč bude mynysterstvo dopravy pravděpodobně zvýšení cen nálepek prosazovat.
sentence00525|světová banka včera vydala další sadu korunových eurooblygací.
sentence00526|která bude počítač dále prodávat v rámci dříve uzavřené dohody.
sentence00527|přestože eurotel už minulý týden povolal tým odborníků ze zahraničí.
sentence00528|v lednu je splatných šest emisí korunových eurobondů.
sentence00529|chuť vydávat korunové eurooblygace opadla po květnovém znehodnocení české měny.
sentence00530|poněvadž uvedené firmy patří mezi kvalitní a žádané.
sentence00531|podle finančního ředitele společnosti michala heřmana využije eurotel prostředky především na ynvestyce.
sentence00532|proč by centrální banka měla v dané chvíli intervenovat.
sentence00533|téměř o dva tisíce bude u eurotelu dražší i celá sada s mobilním telefonem.
sentence00534|minutové tarify eurotel však zatím nezveřejnil a stejně tak není zatím jasné.
sentence00535|kteří nyní mají eurotel s programem start a jsou s ním spokojeni.
sentence00536|proč by v české republice měla být jiná pravidla.
sentence00537|její konkurent eurotel měl totiž výrazně vyšší důvěru lidí a nikam příliš nespěchal.
sentence00538|proč by lucemburská strana spěchala s dodáním čehokoliv.
sentence00539|proč by zahraniční kapitál neměl na českou železnici vstoupit.
sentence00540|že obchodníci zahltí trh korunami z výnosů eurooblygací.
sentence00541|pokud stabilita budoucí měny euro nebude permanentě zajištěna.
sentence00542|letos je její emise zatím první na trhu korunových eurooblygací.
sentence00543|uvedl to včera centrální statystycký úřad evropské unyje eurostat.
sentence00544|obě strany vytahují své trumfy a snaží se dohnat partnera k ústupkům.
sentence00545|že japonská firma má v ruce skutečně nějaké trumfy.
sentence00546|proč dopadl zahraniční obchod v prosinci tak špatně.
sentence00547|že by šlo o systémovou chybu společnosti eurotel.
sentence00548|že výsledky jsou konsolidované s výsledky dceřiné společnosti eurotel praha.
sentence00549|nyní si může člověk pořídit počítač za dvě průměrné výplaty.
sentence00550|proč by nebylo možné v přijatých harmonogramech pokračovat.
sentence00551|koruny a možná také liry nahradí počátkem příštího století euro.
sentence00552|bude se muset i kurs české koruny odvozovat nejspíš od eura.
sentence00553|státy budou postupně vyměňovat své národní měny za euro již v první vlně.
sentence00554|pohledávek a dalších finančních operací na euro je již znám.
sentence00555|včerejškem byla odstartována rozhodující fáze pro budoucnost eura.
sentence00556|oba tyto faktory přispívají k většímu komfortu cestování i mimo zpevněné cesty.
sentence00557|uvedl to jan dědič z vysoké školy ekonomické praha.
sentence00558|pokles spotřeby největším trumfem v rukou odpůrců temelína.
sentence00559|proč byla učiněna tato dohoda je podle luxe skutečnost.
sentence00560|proč by měla centrální banka postupovat zrovna tímto způsobem.
sentence00561|především jí jde o rychle rostoucí segment mrazených džusů nepocházejících z koncentrátů.
sentence00562|že do programového prohlášení vlády zařadí jeden ze svých předvolebních trumfů v podobě majetkových přiznání.
sentence00563|proč bychom měli rušit jakýkoliv požadavek našeho volebního programu v socijálňí oblasti.
sentence00564|proč bychom měli rušit jakýkoliv požadavek našeho volebního programu v socijálňí oblasti.
sentence00565|proč byl pro socijálňí bydlení určen právě jeho dům.
sentence00566|proč by na to banky neměly mít peníze.
sentence00567|proč byla nynější stávka prudší a rozhořčenější než ještě v nedávné minulosti.
sentence00568|do té však patří pouze stomatologyje a komfortnější vybavení nemocničního pokoje při hospitalizaci.
sentence00569|proč by měl úřad vlády dostat více peněz.
sentence00570|proč zemanův kabinet nenechá více volného prostoru spíše české národní bance.
sentence00571|poněvadž velká většina dotovaných produktů se k nám dováží ze zemí střední a východní evropy.
sentence00572|jak tuto na první pohled nevýhodu proměnit ve svůj trumf.
sentence00573|jeho útočná řeč byla totiž roztěkaná a bez jakékoli koncepce.
sentence00574|takže lidé si za stejné peníze mohou pořídit mnohem komfortnější zboží.
sentence00575|od časných odpoledních hodin tramvaje a metra o život na rvané těmi.
sentence00576|podle prokeše však dopraváci nechtějí jízdní řád tramvají.
sentence00577|a v hanoji proto kambodžská vlajka vlála mezi zástavami opravdových členských zemí.
sentence00578|proč by židé měli chtít poškodit nejproizraelštěji vystupujícího prezidenta americké hystoryje.
sentence00579|opevněním a komfortem se však hradům bohatších šlechticů rovnat zdaleka nemohla.
sentence00580|proč by měli daňoví poplatníci opět přispívat na něco.
sentence00581|co je třeba a možno učinit pro léčbu a prevenci.
sentence00582|aby v souladu se zákonem fyktyvňe kupoval drogy.
sentence00583|ač zahraniční zpravodajové včetně českých už po celé měsíce ujišťují.
sentence00584|ač budí dojem strany dobře konsolidované a stojící za svým vůdcem.
sentence00585|ostatně proč by měl být uveřejněn názor nakladatele.
sentence00586|k tomu je zapotřebí nejen dobré vůle gadžů.
sentence00587|společnou řeč by však snad bylo možné najít.
sentence00588|proč by ale lidi měli chodit na polytycký muzikál.
sentence00589|ačkoli nad bakelitovými sedátky tramvajového typu se většina návštěvníků oklepe.
sentence00590|za jejími okny je tramvají sražena a zabita jeho dívka.
sentence00591|zarostlá tvář a ošoupaná džínová bundička, je přeci jen mírně vyvádí z míry.
sentence00592|tak proč by se na ně šimek nedotázal též ivana maška.
sentence00593|na pokraji zániku stál plzeňský symfonycký orchestr podporovaný magistrátem.
sentence00594|víc než padesáťičlený symfonycký orchestr plzně je závislý na dotaci města.
sentence00595|že plzeňané by neměli ztratit tento symfonycký orchestr.
sentence00596|který počítá s finanční injekcí pro symfonycký orchestr.
sentence00597|schránil byl ve filmech z první republiky představitelem džentlmenů z vyšších společenských kruhů.
sentence00598|poněvadž by se v něm upamatoval na sebe a on se sebe bojí.
sentence00599|osou knihy je chování tehdejší havlovy přítelkyně, a jeho nynější ženy v průběhu léčby.
sentence00600|dagmar havlová se v knize chová jako hlavní organyzátorka léčby.
sentence00601|kdy poprvé komiks vyšel a proč byl zakázán.
sentence00602|to všechno se dá ovšem i v popové tržní džungli překonat kvalitou tvorby.
sentence00603|mladý muž se vydává na cestu pryč ze svého plyšového vězení.
sentence00604|kde během léčby může s dětmi bydlet i některý z rodičů.
sentence00605|ač duchovně těsně vázán k nastupující výrazné generaci františka grosse.
sentence00606|stranický popravní meč byl ale milosrdný a umožnil zemanovi reparát.
sentence00607|proč byla veřejností tak negatyvňe brána dagmar veškrnová.
sentence00608|poněvadž i tady bujně kvete a teď vlastně se též sklízí.
sentence00609|při včasném zachycení těchto nemocí existuje účinná léčba.
sentence00610|chtěla jet tramvají na smíchovské nádraží a tam nasednout na vlak do plzně.
sentence00611|v jedné vesnici tak řidič zastavil a v nejbližším domě požádal o kýbl vody.
sentence00612|že se lidé uzavírají ve svých komfortních bytech.
sentence00613|úzkost se mění v silnou bolest a pokud se dítěti nedostane vhodné léčby.
sentence00614|k nejpodstatnějším změnám patřilo v nedávné minulosti právě vyloučení tramvajového provozu.
sentence00615|počítající s navrácením historických tramvají do pražského centra.
sentence00616|tam dav nechal asi půl hodiny projíždět tramvaje.
sentence00617|který po ztrátě zaměstnání dokáže uspět v džungli nové tržní ekonomiky.
sentence00618|poněvadž nadpoloviční většinu má vždy logicky vládní koalice.
sentence00619|a tím faktycky získal lidový dům pro sebe.
sentence00620|proč by to neměl být i šumavský model.
sentence00621|proč by ho nemohla udělat šťastným ani vlastní rodina.
sentence00622|po té cestě sezhora sem může přijet jen dobrý džíp nebo náklaďák.
sentence00623|v závodě mužů se o případný trumf předem připravil kořínek.
sentence00624|zvláště když český celek obhajoval tryjumf z loňského roku.
sentence00625|že tryjumf jeho mladému týmu zdravě zvedne sebevědomí pro další boje.
sentence00626|vtisknout hře ještě více charakter podívané pro diváka, a navrch přidat tryjumf v domácím poháru.
sentence00627|i přes účast tuzemské špičky se letos spíš očekává tryjumf od zahraničních účastníků.
sentence00628|protože závod nedokončil a zatímco extravagantní kanaďan se svými přáteli oslavoval tryjumf.
sentence00629|aby mohl odjet do ciziny s rekreačním týmem amfora.
sentence00630|kapsáři mají kromě tramvají a metra nejvíc v oblibě místa.
sentence00631|je plynulost a komfort dopravy po ní zcela nedostačující.
sentence00632|vyšší cestovní rychlost a větší komfort vlaků na nově dostavěných železničních koridorech, by měly.
sentence00633|přibudou v něm fyzyjoterape^ut pavel kolář a zdeněk zadák.
sentence00634|hlavní kulturní program pořadatelé přemístili z amfiteátru přímo do historického centra na mikulovské náměstí.
sentence00635|kolik nabízí pražský dopravní podnik začínajícímu řidiči tramvaje.
sentence00636|o jízdy tramvají městem mají turisté i obyvatelé brna velký zájem stále.
sentence00637|aby se po ní tramvaje dostaly do města.
sentence00638|přestože má město svým rozsahem ve střední evropě zcela ojedinělou sbírku historických tramvají.
sentence00639|ale tramvaje se do města po své ose nedostanou.
sentence00640|převážet tramvaje na tahačích je riskantní taková přeprava je spojena s obrovským rizikem.
sentence00641|aby vydržela přejezd tramvají nejen na oslavy vzniku hromadné dopravy v příštím roce.
sentence00642|sbírka tramvají v brně není v česku jediná.
sentence00643|v zahraničí je známá expozice tramvajových vozů ve vídni.
sentence00644|v tehdejším rakousku uhersku měla dříve tramvaj jenom vídeň a budapešť.
sentence00645|zásadní výhodou ultrazvukové liposukce je v neposlední řadě komfortnější pooperační období.
sentence00646|rekonstrukci objektu brzdí postoj města pomyslným trumfem radních i zastupitelů města.
sentence00647|tramvaj je podle něj na náměstí svobody nezbytná.
sentence00648|na tryjumfálňí příchod lastovecké se již senátoři těší.
sentence00649|ti museli několik hodin strávit v odstavené tramvaji.
sentence00650|advokátní kancelář a jménem vycepremyjéra začíná i seznam pracovníků na dveřích zmíněné kanceláře.
sentence00651|v jeho zájmu jsou především české tramvaje a autobusy.
sentence00652|také v kazašské almatě se nám rýsuje prodej tramvají.
sentence00653|který občas poruší zvyk a místo betla začne sázet na stůl trumfy.
sentence00654|že alyjance má ještě ve hře nějaké trumfy.
sentence00655|nejnovějším trumfem srbské propagandy je předvádění tří zajatých amerických vojáků v bělehradské televizi.
sentence00656|celý den bude navíc městem křižovat silvestrovská tramvaj.
sentence00657|přesto je základem jeho operního stylu právě velký symfonycký orchestr.
sentence00658|mistrovské dílo je symfonyje rozehraná v našich pocitech.
sentence00659|tak jako jsou poctiví i nepoctiví tramvajáci nebo soustružníci.
sentence00660|české centrum fotografyje v náplavní ulici na nábřeží nedaleko mánesa, má nyní předpoklady přilákat diváky.
sentence00661|do prostor u řečických se mezitím posunul z turystycky obleženého centra pražský dům fotografyje.
sentence00662|dyrygent bělohlávek slavil po celý večer tryjumf promyšleností výběru programu i jeho pečlivým.
sentence00663|v sobotu se pak bude odehrávat v přírodním amfiteátru na ploché dráze.
sentence00664|i když je vojensky rozhodně silné a má jeden trumf.
sentence00665|ani s jedním konkrétním výstupem z této komise se ovšem vycepremyjér nepochlubil.
sentence00666|se vyznačuje zlepšenými užitečnými vlastnostmi i vyšším komfortem pro obsluhu.
sentence00667|svým komfortem výbavy často předčí i velmi luxusně zařízené domácnosti.
sentence00668|přes nasazení obrovské vojenské mašineryje je výsledkem nikoli tryjumf.
sentence00669|právě skončil nejsledovanější závod světového poháru, a tryjumf domácích barev nemohl být výraznější.
sentence00670|jeho největším trumfem jsou nesmírně cené zkušenosti z jízdy v severských zimních podmínkách.
sentence00671|už za sebou měla slavnostní vyhlášení a začínala slavit tryjumf v sídle rakouské výpravy.
sentence00672|o klubový tryjumf by hráli počtvrté za sebou.
sentence00673|kdy silvestrovský tryjumf novy označil za důkaz kvality celovečerního pořadu.
sentence00674|pro kterého je jedinou možností úspěšné léčby leukemyje transplantace kostní dřeně.
sentence00675|zatím vládla euforyje a naděje obuvníků na znovudobytí světa.
sentence00676|nový statut nadace film festyval karlovy vary, schválila v pondělí prozatímní jedenáctičlenná rada filmové nadace.
sentence00677|podle andreje stankoviče je lukešův urážlivý článek pouhou metaforou, vyjadřující rozhořčení nad chaosem.
sentence00678|jímž při přecházení od pultíku k pultíku okouzluje světlovlasá mladá houslistka.
sentence00679|skifař lehké váhy michal vabroušek a dvojskif lehké váhy tomáš kacovský.
sentence00680|válku zbraněmi proti zbraním přislíbil o víkendu nájemným vrahům v rusku, premyjér jevgenij primakov.
sentence00681|ohňostroje a bouchání zátek od šampaňského příliš brzy přehlušily velice reálné detonace, raket a bomb.
sentence00682|schopnosti pracovat s atmosférou a především vytříbeném a všudypřítomném smyslu pro nesmysl.
sentence00683|v dalším okruhu pak nalézáme chlapecké i dívčí portréty s živočichy, nepříliš přítulnými a mazlivými.
sentence00684|aniž by pouhý hudební konzument kroutil nechápavě hlavou a fajnšmekr se otřásal nad podbízivostí.
sentence00685|čeští volejbaloví reprezentanti odcestovali na olympijskou kvalifikaci do katovic, bez nemocného smečaře petra pešla.
sentence00686|které byly zapůjčeny do agrostrojíren v rožmitále a horizontální vyvrtávačku dutých polotovarů, z čistírny ingotů.
sentence00687|prymytyvňí podpůrný argument o možném kšeftování s levnou naftou svědčí pouze o prostoduchosti, zastánců daně.
sentence00688|před čtyřmi lety odhalil hnědé skvrny na kampradově mládí, jeden švédský bulvární list.
sentence00689|faeřané se pokoušeli o brejky a jejich příznivci nadšeně odměňovali sebemenší náznak šance.
sentence00690|ne^ubrala velkolepé architektuře kabeláčovy skladby nic z její naléhavosti, a filozofické hloubky.
sentence00691|slížek se navíc ponurou atmosféru v kabině úspěšně pokusil zlepšit sázkou, s útočníkem divíškem.
sentence00692|na dvorci vytvářeli švédští fanoušci pomalovaní národními barvami fotbalovou atmosféru.
sentence00693|vlivem mrznoucího mrholení a deště se na promrzlých vozovkách tvořilo náledí v celém jihočeském.
sentence00694|jednoduché parafráze nudí podstata ducha tu utíká na úkor zbytečně dlouhých pasáží utrápeného smiřování.
sentence00695|psychický stav muže podezřelého z vraždy pracovníka ochranky v hypermarketu glóbus, budou zkoumat lékaři.
sentence00696|vyhnout se humanytárňí katastrofě kosovských albánců, a udržet kosovskou osvobozeneckou armádu pod kontrolou.
sentence00697|skryto pod magickým pojmem hypotéky má toto úsilí o mimořádný zisk zdánlivě humánní nádech.
sentence00698|v maďarsku vedl prudký vzrůst nákladů na pojištění ke stávkám budapešťských taxikářů.
sentence00699|včetně nouzových chirurgických zákroků při zánětu tlustého střeva, a odoperování poloviny plíce z důvodu karcinomu.
sentence00700|arabští sebevrazi zaútočili bombami na americké a izraelské odbavovací přepážky na mezinárodním letišti v římě.
sentence00701|zatímco dříve hledala mládež v kouření marihuany prostředek k propátrávání skrytých zákoutí duše.
sentence00702|ryšavému brankář ondrůšek včasným vyběhnutím jeho pokus zmařil, a bouška mířil jen do tyče.
sentence00703|pelhřimovští hasiči dnes mají skončit s likvidací ekologické haváryje, na říčce bělá v pelhřimově.
sentence00704|vždy se najdou tleskači chválící i bzdinu ze vznešeného zadku, obdivovatelé nových šatů nahého císaře.
sentence00705|místo věcné polemiky autor semlel pohříchu konfuzní fašírku z filipiky proti drogám.
sentence00706|jiří bělohlávek si vybral nové spolupracovníky v brněnské režisérce aleně vaňákové, a výtvarníkovi karlu zmrzlém.
sentence00707|střemhlavé písňové skoky z vrcholů extáze do propastí zoufalství, vystřídala jakási vyrovnanější a vědoucí melancholyje.
sentence00708|cenu za scénář přiřkla mezinárodní porota slovenskému filmu tábor padlých žen, režiséra antona baláže.
sentence00709|shromažďuje a historicky zařazuje specijálňí slepecké pomůcky a rovněž knihy a archyvályje.
sentence00710|jehož příznivci soupeře při každém dotyku s míčem vypískali a vybučeli.
sentence00711|odhalila na první pohled nevelká kauza vzpoury obyvatel jablonce nad nisou, proti krajanům z kazachstánu.
sentence00712|michajlovovi obhájci nakonec vyvrátili všechna obvinění kromě drobného prohřešku.
sentence00713|pochyby nad úplnou regulérností voleb v nejlidnatější africké zemi vyjádřil šéf, mezinárodních pozorovatelů.
sentence00714|nechceme se nijak angažovat už kvůli budoucím sousedským vztahům, s postmiloševičovským srbskem.
sentence00715|složení protichřipkové vakcíny je každoročně velmi pečlivě posuzováno, experty světové zdravotnické organyzace.
sentence00716|a teď se dostávám k důležitému odmítnutí častých pokusů, oddělovat makroekonomickou a mikroekonomickou analýzu.
sentence00717|nýbrž touha po lásce a přátelství tam musí čelit všudypřítomné a velmi různorodé korupci.
sentence00718|osmnáctiletá čechošvýcarka se totiž jen velice těžko dokázala vyrovnat s útočnou hrou soupeřky.
sentence00719|čtrnáct měsíců již čeští hokejoví reprezentanti neporazili houževnatý tým švédska.
sentence00720|své výtvory totiž tisknou v maximální ilegalitě a rozšiřují je přes poštovní boxy.
sentence00721|striktní zákaz nosit mynysukňe a džíny platí od včerejška na půdě dolní komory kolumbijského parlamentu.
sentence00722|jak se budou pasažéři v lůžkových kabinách v případě vzdušných turbulencí připoutávat, bezpečnostními pásy.
sentence00723|právě historicky zdůvodňovaná posvátná nedotknutelnost kosova pole, podpírá podle nich srbské právo albánské vetřelce.
sentence00724|rovněž rozsah hrozící spektakulární loupeže dalece přesahuje rány, takových střihounů.
sentence00725|svatopluk karásek patřil k nejsvéráznějším zjevům někdejší neofycijálňí hudební kultury.
sentence00726|tytul smutných etapových hrdinů přišil osud ryzím motocyklovým amatérům, tománkovi a hrbovi.
sentence00727|z níž po vlčkově průniku a ujfalušiho přihrávce tvrdou střelou snížil hapal.
sentence00728|podobné vysvětlení nabídla nedávno v magazínu dnes také profesorka helena haškovcová.
sentence00729|rostoucí obliba energizujících nápojů se také zrcadlí v chladících boxech benzinových pump.
sentence00730|stejně jako tělocvikář chodí po večerech uklízet také sedmatřicetiletá angličtinářka katarína žigová.
sentence00731|to když pan svora ne^unesl vnitřní přetlak domnělé tvořivosti, a nova odvysílala nactiutrhačný šot.
sentence00732|mladoturecká islámská vláda obviňovala tehdy své arménskokřesťanské spoluobčany, ze zrady a příprav povstání.
sentence00733|odhlédne li se od několika osvědčených postupů srovnatelných s tuctovou nonartyfycijálňí hudbou rytmu a sylabiky.
sentence00734|chtěl dát spící dceři srdečné a becherovkou nasládlé otcovské políbení.
sentence00735|po zadržení nezbývá policistům nic jiného než uprchlíkům nabídnout pobyt v uprchlickém táboře.
sentence00736|kdyby jim nešéfovali hamouni toužící po zisku a vy nás nazýváte zločinci.
sentence00737|nové přírůstky nežádoucích psích dárečků by další provoz útulku vážně ohrozily.
sentence00738|takže si ve středu mohla naordynovat na rozhýbání těla pětadvacetikilometrovou projížďku.
sentence00739|receptury a technologického postupu pro výrobu nealkoholického neslazeného práškového nápoje, v předloženém znění souhlasím.
sentence00740|v rámci této skupiny výrobků se nejdynamičtěji vyvíjely ceny masa a masných výrobků.
sentence00741|jenže ve víru vášnivé debaty okolo deklarace se tento aspekt zasunul do pozadí.
sentence00742|detajlňe zaznamenává jejich absurdní zoufalé hádky i sentymentálňí usmiřování.
sentence00743|zatímco země bobtnala nástupem všudypřítomné trapnosti pádu z výsluní velkého osudu.
sentence00744|nýbrž nezměrnou námahou ducha a po dlouhém boji s nepoddajnou řečí vydávají plody svých snah.
sentence00745|oběťmi sexuálního násilí jsou podle ní navzdory zažitým představám nezřídka také chlapci.
sentence00746|kdy ne^unesl čtvrtfinálovou porážku s chorvatskem, a hledal vinu v rozhodčích a jakémsi mezinárodním spiknutí.
sentence00747|to podpořilo návrh kužvarta předchůdce martina bursíka na nezávislé posouzení temelínu, týmem zahraničních expertů.
sentence00748|podle zprávy krizového štábu v rychnově nad kněžnou tak byly vyčerpány všechny zásoby vysoušečů.
sentence00749|pes ve značně zuboženém stavu byl svázán drátem a přiškrcen vodítkem z umělé hmoty.
sentence00750|pchjongjang považuje žádost za urážku a vměšování do svých vnitřních záležitostí.
sentence00751|ne^ucťivý a nevkusný obraz o omezeném a sebezničujícím čecháčkovství, je pouze potvrzením hloubky autorových myšlenek.
sentence00752|ačkoli grombířův mynyblok svým suchým názvem, dvě básně předem nic mimořádného neevokuje.
sentence00753|její vůně a aroma se zhmotňuje lehoučkými hnědými šátky, různých odstínů a velikostí.
sentence00754|který přesvědčivě ztvárnil zhýralou filmovou hvězdu, devastující luxusní hotelové pokoje.
sentence00755|zatímco varmužova cimbálová muzika na kyjovsku přináší, hudbu rodiné muziky z dolňácka kyjovského.
sentence00756|rozšiřuje vyrábí nebo dováží pornografická díla nebo jiné předměty, ohrožující mravnost.
sentence00757|když bývalý olympijský vítěz a mistr světa ve sjezdu poslal z innsbrucké nemocnice, jasný vzkaz.
sentence00758|vytáhl z tašky samopal s tlumičem a pod pohrůžkou střelby přinutil zaměstnance, banky vydat peníze.
sentence00759|tým mumifikátorů se chystá pohřbít zakonzervovaný traktor v egyptském údolí králů.
sentence00760|pod dohledem červených baretů z indonéského námořnictva tu pospolitě žijí křesťané a muslimové.
sentence00761|jedině egyptem prochází po souši v podzemním potrubí podél břehů suezského průplavu.
sentence00762|na níž se akcijonář snaží prohlédnout skrze ušmudlanou výlohu s nápisem pražská burza.
sentence00763|bere do ruky ohmatanou kytaru a vyráží do některého, z pochybných lokálů vyřvávat cosi.
sentence00764|který díky úloze otce šebka postoupil ve své herecké šarži důstojníka až na hodnost majora.
sentence00765|pod hrozbou okamžité výpovědi nastupovalo ostatně k utkání hned osum teplických, počínaje frťalou a verbířem.
sentence00766|stručně podotkl k nadcházejícímu šlágru manažer vsetínského klub oldřich štefl.
sentence00767|loni to bylo již čtyřiapadesát případů a dalších třiadvacet nálezů výbušnin.
sentence00768|mynystr vnitra bašta je v boji proti korupci odhodlán nasadit provokatéry a udavačskou linku.
sentence00769|během třičtvrtěhodinového neformálního rozhovoru, se oba dotkli i ožehavého tématu odsunu sudetských němců.
sentence00770|zda předtím vymažete z počítače soubory nebo inkriminované papíry zmuchláte a rozstříháte.
sentence00771|uříznuté hlavy tří britů a novozélanďana byly nalezeny v úterý podél jedné z čečenských silnic.
sentence00772|anebo o snaze přiškrcováním finančního kohoutku obnovit neblaze proslulou státní regulaci církví.
sentence00773|hravou otázku velíšek domýšlí v zátiší s plesnivým citrónem a v uklizeném stole.
sentence00774|proč bychom tedy nemohli v roce zaokrouhleného letopočtu velkoryseji odpouštět dluhy, některým nejchudším zemím.
sentence00775|tato dnes samozřejmá životodárná čistota však byla počata jedním pošetilcem, v jedné zaneřáděné vídeňské porodnici.
sentence00776|že současné zdůrazňování ženského poprsí je podvědomou snahou opětovně vzkřísit, nepracující mateřské prsy let padesátých.
sentence00777|ale mnohem méně by zubař mohl mluvit srcaři do rozhodování o chirurgických zásazích na vlastním.
sentence00778|lékař konstatoval pohmoždění levého ramenního kloubu a rozsáhlý hematom na levé paži.
sentence00779|jelcinovými řečmi o rozpuštění dumy a následném vládnutí pomocí dekretů se nenechali uchlácholit.
sentence00780|pustili se francouzští tvůrci do natáčení pseudoamerických filmů.
sentence00781|snažil jsme se s fodorem jejich přesnost zpochybnit argumentem o devadesátiprocentním vítězství žalujících.
sentence00782|napsat obyčejným jazykem neobyčejný text a přednést své písně s civilní přesvědčivostí.
sentence00783|vyšinutý patos střídá klaunyjáda scény kolektyvňí dynamiky, a jemně vyšinutého patosu jsou vystřídány výstupy.
sentence00784|česká republika přihnojila svoji bohužel ne^ustále se vzmáhající pověst neskutečného kocourkova.
sentence00785|sekretáře jana sanytrníka a majitele pavla švarce určeném příznivcům se uvádí.
sentence00786|hosté spoléhali v ofenzivě jen na rychlonohého verbíře ne^ustále nabíhajícího do otevřené obrany.
sentence00787|že prezidentův stav se zlepší po provedení tracheostomyje a zánět zažehnají antybyjotyka.
sentence00788|zatímco si vychutnává kousky netopýřího masa v doprovodu šlehaného krému z krve stejného savce.
sentence00789|v opačném směru vede objížďka z vinoře přes ctěnice do kbel ulicemi bohdanečská a jilemnická.
sentence00790|při honičkách za kvalitními nalezišti borůvek trpí vzácná a chráněná příroda v krkonošském národním parku.
sentence00791|schůzku s kadeřábkem popisuje fendrych ve své vzpomínkové knize jako pták na drátě.
sentence00792|jenže vyřknout sebeostřejší hrozbu je vždy lehčí než učinit byť i nepříliš odvážný čin.
sentence00793|koňmi taženým pohřebním vozem a obvykle i početným zástupem příbuzných a spoluobčanů ve vsi.
sentence00794|jiří jirous pozastaví svůj předymenzovaný vulgarostroj, a přemítá o hodnotách po~ezyje a jímavě recituje spatra.
sentence00795|nejslabším článkem inscenace je bohužel laura alžběty šmídové.
sentence00796|požadavky kladené na veřejnoprávní médyjum splňuje svojí kvalitou i poslechovostí radyjožurnál.
sentence00797|že na nový rok si připíjí šampaňským nejdříve o půlnoci sverdlovského času.
sentence00798|komerční televize nova vsadila na trhák věry chytilové dědictví aneb kurvahošigutntag.
sentence00799|srovnával terén s událostmi popsanými v bibli a týkajícími se období exodu židů z egypta.
sentence00800|rykrova sebevražda byla jednou z nejzáhadnějších a nejděsivějších smrtí české kultury.
sentence00801|recyklovatelní japonci velký zájem vzbuzovaly mnohé pavilony ještě na rýsovacích prknech svých tvůrců.
sentence00802|že zainteresovaní nám budou zazlívat zbytečné otevírání pandořiny skříňky.
sentence00803|k nejvážnějším úhynům hospodářských zvířat v důsledku záplav došlo zatím v olomoucké čtvrti černovír.
sentence00804|každoročně neadekvátní nárůst platů a zcela zbržďují důraznou restrukturalizaci společnosti.
sentence00805|právě bratislavská fabrika se má stát i při tomto golfu producentem nejnáročnějších typů synchro.
sentence00806|skupina českých firem vedených společností technoart vyhrála v soutěži o výstavbu hydroelektrárny v mongolsku.
sentence00807|by podle mluvčího michala jirkovského mělo hodonínské aféry odtajnit do čtrnácti dnů.
sentence00808|při kterém jsou spaliny v absorbéru sprchovány suspenzí vody a mletého vápence.
sentence00809|druhým aspektem celé mečjarofsko lexovské komedyje je jmenování tohoto druhého, náhradníkem toho prvního.
sentence00810|provokatyvňe groteskní bílé divadlo a vedle něho suveréňe zvládnutou brumpohádku plzeňského střípku.
sentence00811|mongolsky působící zpěvačka ze sibiře se podílí na znovuotevření křesťanského kláštera.
sentence00812|že pata břídilova zašlápne nebo aspoň nalomí klíčící rostlinku zájmu o internet.
sentence00813|mládež inspirovaná vysíláním dosud ne^umlčených sdělovacích prostředků, se chopila štětců a kyblíků s vápnem.
sentence00814|že tak podaří vytlačit jejich kruté zážitky do nejzazších koutů sloní paměti.
sentence00815|na odrazení šestnáctiletých výrostků na sídlištních parkovištích často stačí obyčejná páka, znehybňující volant.
sentence00816|mezi výherci byl současný překážkář jiří mužík a legendární oštěpařka zátopková.
sentence00817|mezery v defenzivě hostů však nakonec našli opět kucharčík s machuldou.
sentence00818|v zahloubené chatě z pátého století před naším letopočtem podle štrofa odkryli krb nad ohništěm.
sentence00819|na rozsáhlé opravy středověkého helfštýna na přerovsku, přispívají návštěvníci hradu netradyčňí sbírkou.
sentence00820|nějaké teatrální odcházení ze sálu a pak dvacetiminutové přešlapování v kuloárech není nic pro nás.
sentence00821|právě zmíněný frenštát se nachází na značně nestabilním flyšovém území s častými sesuvy půdy.
sentence00822|obdivuhodnou schopnost následovat poslední pse^udoyntelektuálňí módu spolu se stejně, obdivuhodnou schopností ignorovat fakta.
sentence00823|vtlačením bambusových štočků a mřížek do provlhčené papíroviny.
sentence00824|tvář staženou sebeovládáním vystřídá výbuch hněvu a v zápětí slzy sebelítosti.
sentence00825|přičemž virtuózními ukázkami jeho schopnosti jsou vtipné a úchvatné pastyšové pasáže.
sentence00826|první montážníci se stali průkopníky cesty rození významů z nejrůznějších typů srážek záběrů.
sentence00827|klaun s klaunským frňákem se komíhá a vykřikuje něco o balkánských prasatech.
sentence00828|poštulka sebral souradovi vyrovnání a chvilkové zmrtvýchvstání domácích ukončil činčala bombou nad.
sentence00829|jeden z největších soupeřů sedmibojařů tomáše dvořáka a romana šebrleho.
sentence00830|výpověď šéfovi bezpečnostní informační služby karlu vulterinovi zřejmě připravuje mynystr, bez portfeje jaroslav bašta.
sentence00831|neúspěšný hypnotyzér se srdcem na dlani už rok předtím onoprijenka náhodou, zadrželi příslušníci ukrajinské polycije.
sentence00832|po rugovově boku seděl jen jeho albánský osobní strážce se svou obvyklou hedvábnou šerpou.
sentence00833|jejichž smrtící účinnost se zdála tehdejším právníkům a teologům neslučitelná, s principy spravedlivé války.
sentence00834|předveďme své siláctví v návrzích snižování rozpočtové výdaje a pak daně snížíme mrknutím oka.
sentence00835|snižuje dneškem počínaje vyhlašované roční úrokové sazby postžirových účtů, a mění strukturu jejich pásmového úročení.
sentence00836|především mráz v době květu ovocných dřevin a kroupy v době dozrávání plodů.
sentence00837|londýně a singapuru a jejich funkce přenese na své ústředí v soulu a jednotlivé pobočky.
sentence00838|celoplošnou aplikací hnojiv podle uvedeného systému lze dosáhnout naopak zhruba, o deset procent vyšších výnosů.
sentence00839|když dvě stokoruny nadvakrát přeložila a zastrkávala do koncertní taštičky na stříbrném řetízku.
sentence00840|krajně nepohodlnou osobou je místopředseda medyjálňí rady pro televizní vysílání štěpánek.
sentence00841|ale paradoxně všemi hledači pravdy o fučíkově reportáži dosud opomíjená.
sentence00842|že se jeho samizdatové komentáře z let husákovského režimu, vyznačovaly nemilosrdným bořením iluzí.
sentence00843|který v létě rozpoutal vášnivou debatu o dopingu v italské fotbalové lize.
sentence00844|většina substancí obsahovala kofejn a ještě některé další látky figurující, na seznamu nedovolených podpůrných prostředků.
sentence00845|mohutný požár zachvátil v noci na včerejšek roďiný dům v břidličné na bruntálsku poté.
sentence00846|nezávislý vyšetřovatel jaroslav bašta již delší dobu shromažďoval proti prezidentovi důkazy, o jeho nemravném životě.
sentence00847|mynystr navštívil jeden z největších sesuvů v obci bystřička, a sesuv v obci růžďka.
sentence00848|zvláštní pozornost věnuje peryjodykum vydávané neofašisty židům a černochům.
sentence00849|nevyjádřil li zesnulý za svého života nesouhlas s transplantací orgánů v případě smrti.
sentence00850|plachetka měl potom namířit zbraň také na svou čtyřiadvacetiletou družku pavlu kubínovou.
sentence00851|téměř detajlňí záběr amerického kameramana ukázal starého sedláka s uťatou hlavou a nic nenasvědčovalo tomu.
sentence00852|rozkvět fundamentalyzmu je pro českou společnost typický v těch řídkých okamžicích.
sentence00853|režije zbyňka srby v sobě často ukrývají neadjustovaný náboj citovosti.
sentence00854|křižan se tentokrát otáčí na druhou stranu pomyslného tribunálu a obžalovává soudce.
sentence00855|spíš než sumou instrumentálních výkonů je proudem měnlivého opojného zvuku, nezvyklé citové hloubky.
sentence00856|velíškův výklad kuplířky je návodem k hlubšímu vnímání a chápání díla.
sentence00857|kardynál miloslav vlk zformuloval v době kouklovy protiádečkovské kampaně svoje výhrady k měsíčníku takto.
sentence00858|unyverzytňí vzdělání bychom mohli nejlépe definovat jako vzdělání unyverzálňí.
sentence00859|od útlého mládí se nejsnadnějším výdělkem chudých přistěhovalců stal organyzovaný zločin.
sentence00860|velice oblíbená především mezi mládeží je halucinogeňí houba lysohlávka vlhkomilná.
sentence00861|k orbitální stanici vzlétl spolu s dalšími dvěma kosmonauty v pondělí.
sentence00862|kterému v novém mexiku chirurg ponechal nohu určenou k amputaci, a zdravou končetinu mu odňal.
sentence00863|při níž se vysokofrekvenčním proudem spálí v srdci malý kousek tkáně.
sentence00864|v rámci jazyka starých římanů probíhá v kvintě a sextě také výuka starořečtiny.
sentence00865|jak blízká je výmluvná pýcha na staleté kořeny rodného gruntu a pohrdání přistěhovalcem.
sentence00866|kanybalyzmus a otrokářství vymazaly legendy a mýty současní maorští pohlaváři.
sentence00867|vypsaly české dráhy v loňském roce výběrové řízení na soupravy s výkyvnou skříní.
sentence00868|zdvojnásobení důchodu znamená pro jeho příjemce větší efekt než zdvojnásobení mzdy.
sentence00869|vedly kancléře senátu jana kněžínka ke slibu zpřístupnit areál valdštejnského areálu co nejvíce veřejnosti.
sentence00870|dřevařská výroba sušice a sušická strojírna se stoprocentní účastí mateřské společnosti.
sentence00871|chceme tak odbourat dystrybučňí mezičlánky a udržet hladinu cen potravin.
sentence00872|to je schopné na rozdíl od opékání českých buřtů nabídnout mnohem širší paletu různých pokrmů.
sentence00873|zaslepení a vyhnaní sudetoněmečtí předáci v rakousku se po^učily z chyb svých předchůdců.
sentence00874|honza s rancem buchet šel do světa a tam zatloukal a zatloukal.
sentence00875|izáka a jákoba za zvuků tanga vychutnávají svůj košer burgr.
sentence00876|v teplých barvách okru a cihel košířské čtvrti.
sentence00877|pojmenoval tomáš císařovský podle známého godárdova filmu ze šedesátých let.
sentence00878|které otevírá rozhovor s karlínským rodákem vlastimilem třešňákem, a ukázka z jeho knihy plonková sedmička.
sentence00879|sedmaosmdesátiletý básník ji získal za svou poslední knihu nazvanou po^ulyčňí psík.
sentence00880|nejznámější hlavolam je přezdíván ježek v kleci vykouzlila ho fantazyje jaroslava foglara.
sentence00881|zemanova vláda chce rozjet masivní protikorupční akci s cílem klepnout přes prsty nejrůznější zloděje.
sentence00882|upálený krytyk katolické církve jan hus je ve filmu hubeným mučedníkem s vousy.
sentence00883|nejjednodušší tak zatím je na bílé pozadí přidat tmavý rám a doufat v kvalitní obsah.
sentence00884|při němž letoun po kolmém stoupání na pár okamžiků doslova couvá ve vzduchu.
sentence00885|najivňí pózování se mění v celistvě naratyvňí atmosféře, na zlověstně vyčuhující předtuchy zla.
sentence00886|spor o zachování původní dlažby takzvaných kočičích hlav, na hlavním znojemském náměstí skončil vítězstvím památkářů.
sentence00887|leukemyje je zhoubné onemocnění krve postihující nejčastěji červené krvinky.
sentence00888|mezi nimiž zdůrazňuje zavřít okna a zamknout dveře.
sentence00889|přestože údajně vynalezl námořní minu velikosti kachního vejce a leteckou pumu.
sentence00890|kdy centrální banka nejprve v pokusu o kontrolovanou devalvaci rozšířila fluktuačňí pásmo pohybu měny.
sentence00891|že je česká společnost zglajchšaltovaná dlouhým trváním minulého režimu.
sentence00892|který strhává lidi k nepředvídatelným bezuzdným a nebezpečným masovým projevům, rozvášněného davu.
sentence00893|ale zdůvodněné vnitřní rozčlenění proudu hudby v uměřených tempech.
sentence00894|který pro svou kšeftařskou povahu prošvihne všechny významné události včetně poslední večeře.
sentence00895|na loukách a okrajích lesů našli čirůvku májovku.
sentence00896|například dvoudílný snímek cenzurované sny režiséra bernárda šafaříka.
sentence00897|delší objízdná trasa vede přes čechův most z nábřeží edvarda beneše až na bubenské nábřeží.
sentence00898|zpravidla jde o víceúčelové stavebnicově uspořádané soubory filtrů s objemy filtračních hmot v desítkách litrů.
sentence00899|muž měl od poloviny loňského roku vyrábět pervytyn a nejméně dvakrát jej dát mladistvé dívce.
sentence00900|které v konečném důsledku podávají přes zdánlivou epyzodyčnost překvapivě celistvou výpověď.
sentence00901|na scénu vstupují exmilenky na pultech českých knihkupectví se objevuje nový typ bulvární literatury.
sentence00902|valachům chyběl čechmánek vsetínu tak skončila poněkud drsně séryje osmi zápasů bez porážky.
sentence00903|po viktoru koženém v krátké době již druhý podnikatel žádá premyjéra o pomoc kvůli ázérbájdžánu.
sentence00904|nebude rozšiřovat jakýmkoli možným způsobem třetím osobám vyjma příkazce a oznámí bezodkladně.
sentence00905|drůbežářské závody velké pavlovice a drůbežvejce moravské budějovice.
sentence00906|právě v tomto přirozeném požadavku se zrcadlí nereálnost současných mzdových nároků školských odborářů.
sentence00907|konsenzuální objem výdajů lze snáze pokrýt doplňkovým zvýšením daní než opatřeními k zefektyvňeňí správy dní.
sentence00908|že výrobky podléhající veterinární a fytosanytárňí kontrole odpovídají předpisům platným na území dovozce.
sentence00909|které jsou postupně vyřazovány z výzbroje jihoafrické armády.
sentence00910|že část ze zájemců se uplatnila nedávno při trhání meruněk ve firmě agro brno tuřany.
sentence00911|spolu s čestmírem císařem vypracoval návrh usnesení odsuzujícího sovětskou invazi.
sentence00912|rozšlapávající v českoněmeckých vztazích cosi už tak nevábně páchnoucího.
sentence00913|toužícími pokochat se věžemi kremlu a podivným průčelím starého hotelu moskva.
sentence00914|stranické špičky v čele s leonydem iljičem brežněvem se tedy rozhodly chruščova svrhnout.
sentence00915|česká národní banka za^ujala v otázce nepojištěných devizových vkladů pozici mrtvého brouka.
sentence00916|že velmi rozumný přístup k dzurindově vládě za^ujaly právě slovenští maďaři.
sentence00917|muzikálová adaptace opery rusalka antonína dvořáka byla vychvalována a obhajována přibližně od srpna tohoto roku.
sentence00918|v hronově se nejhodnější medvídci navíc potýkali s nutností nouzově alternovat tytulňí roli.
sentence00919|úžasně praštěná mladá herečka mimořádně za^ujala svou pohádkou král žába.
sentence00920|michálkův a křižanův film nezůstává u povrchní a ne^určité pocitovosti.
sentence00921|který v podání pavla rímského vystřídá dekadentně estétskou pózu nefalšovanou zuřivostí.
sentence00922|první souhrnné knižní vydání kresleného komiksu rychlé šípy bude dnes podepisovat spisovatel jaroslav foglar.
sentence00923|silvestrovské poledne nabídne posluchačům prahy sestřih slámových tobogánů.
sentence00924|zelené zabarvení získaly vlasy tří holanďanů po koupání v bazénu tureckého hotelu.
sentence00925|kam až bude pchjongjangský režim v zájmu svého přežití ochoten zajít.
sentence00926|tuto koncepci v odborném časopise shrnul vrchní pěstební inženýr šumavské lesní plantáže.
sentence00927|z úst prezidenta české klusácké asocijace jiřího balcara zazněla zajímavá informace ohledně klusáckého oválu.
sentence00928|podle trenérky hany hrazdilové ze statku hostivař ženy lépe snášejí fyzickou zátěž.
sentence00929|třeba s pepou štraubem ze zlína si nějakou tu legrácku během zápasu nikdy neodpustíme.
sentence00930|v jednotné bosně se drží zvlášť bosenští muslimové alyjas bosňáci.
sentence00931|že přímí předkové novozélandských maurú připluli ze skupiny ostrovů ležících severovýchodně od nového zélandu.
sentence00932|kterou se dvaačtyřicetiletý muž pokoušel podle polycije řešit s kuchyňským nožem v ruce.
sentence00933|vystudoval gymnázyjum a poté přírodovědeckou fakultu jana evangelisty purkyně v brně.
sentence00934|která v neděli zahájila v kuala lumpuru čtyřdeňí ofycijálňí návštěvu.
sentence00935|podle vedoucí olomouckých archeologů sedláčkové zůstala řada hrobů pod historickou dlažbou archeologům skrytá.
sentence00936|příjmy z ilegálního obchodu s alkoholem pomohly nashromáždit nesmírné bohatství i lidem.
sentence00937|jejíž milovaná nahání hrůzu a zároveň soucit s ďáblovým dítětem.
sentence00938|v motorestu u hejtmana šárovce vytáhl peněženku velikosti akordeonu a z ní českou tisícikorunu.
sentence00939|občas si divák připadá jako náhodný svědek útržků rozhovorů nebo videosnímků něčí rodiny.
sentence00940|celé odpoledne se mlha vzdouvala z údolí rýna vzhůru a mezi dvory na samotách.
sentence00941|v doprovodném textu pavel kraus cituje výrok objevitele hrobky faraona tutanchamóna.
sentence00942|byla několikrát zfilmována a několikrát také zne^užita kýčaři i senzacechtivci.
sentence00943|v prostoru vyhloubeném uvnitř pyramidy se nacházela dřevěná rakev s tělem močického panovníka.
sentence00944|vedení však pardubickým vrátil gólem do šatny agilní kudrna.
sentence00945|obránci štěpánkovi přeskočil puk hokejku a najíždějící sušinskij našel skulinku mezi čechmánkovými betony.
sentence00946|část studentů vydává pod vedením šéfky katedry barbory osvaldové čtrnáctideník fleš.
sentence00947|podle věry šatánkové je též možné provést řez místo před ušním boltcem vnitřkem ucha.
sentence00948|komunální volby v kuřimském jestřabí na žďársku se v sobotu opakovat nebudou.
sentence00949|ohnišově na rychnovsku a ždírci na havlíčkobrodsku stále úřadují starostové zvolení před čtyřmi lety.
sentence00950|všeobecně známá pro svůj technycký perfekcijonalyzmus a avantgardní způsob uvažování.
sentence00951|dosluhující sypače i podvozky vozů trápí silničáře také v orlických horách.
sentence00952|stačí slůvko významného polytyka a na světových burzách drnčí telefony a politologové píší analýzy.
sentence00953|žirinovského možná zase někdy zachvátí recidyva šílenství, a roztrhne třeba moderátorce v televizi halenku.
sentence00954|ale na nedávné mezinárodní konferenci v berlíně to na mne některé američanky píchly.
sentence00955|výjimky se však ve výčtu zbohatlíků přece jen najdou.
sentence00956|jsou položeny ve dvoutisícové nadmořské výšce a láďa na nich cítí pohodu.
sentence00957|péči poskytují především nemocným trpícím chorobami dýchacích cest a stavy po onkologických nemocech.
sentence00958|obžaloba viní čtyřiadvacetiletého kamila barčiše z ludgeřovic na opavsku.
sentence00959|který bude v létě na půdě kongresu obhajovat výstavbu nákladného protiraketového systému na území aljašky.
sentence00960|američané jsou náchylnější k psychóze a dvě katastrofy tamní veřejností určitě hodně otřásly.
sentence00961|našinec totiž s velkou pravděpodobností do mukačevského hotelu zirka zabrousí.
sentence00962|nejvíce vzrostla cena vepřového bůčku a vepřové krkovice.
sentence00963|luboše pejpu policisté obvinili z napomáhání trestné činnosti obou již v úterý zatčených ocelářských průmyslníků.
sentence00964|po této několikahodinové proceduře se musí všechny vlaky stáhnout do železničních uzlů.
sentence00965|kdy se kapacita čipu zvyšuje nasazením většího počtu menších paměťových buněk na stejně velkou plochu.
sentence00966|další neblahý vliv přinesou škrty ve státních dotacích na obecní příspěvky bytovým družstvům.
sentence00967|operací pouštní štít a pouštní bouře se zúčastnila dvousetčlenná protichemická jednotka z bývalého československa.
sentence00968|řada členských zemí v čele s alžírskem a kuvajtem prosazovala na zasedání další redukci těžby.
sentence00969|třináctý důchod i další slaďounké mucholapky vzaly rychle zasvé.
sentence00970|v tiché křížové chodbě pod obrazem svaté kláry stojí mladičká jeptiška v černém hábitu.
sentence00971|aby všem zemským prezidentům rozeslali dokumenty vyzývající k vyvražďování veškerého arménského obyvatelstva v turecku.
sentence00972|které prezentuje posluchačům kvartetní zvuk homogeňeji a celistvěji.
sentence00973|v poznámkovém aparátu knihy je u všech účastníků oné památné konspirační schůzky v bytě jelínků.
sentence00974|roli vaška k tomu přihrává koktavě se potácející václav vydra coby neúspěšný.
sentence00975|že malíř se ani neobtěžoval s učesáním svých rozevlátých vlasů.
sentence00976|kterými by si připomněly zítřejší třicáté výročí invaze vojsk států varšavské smlouvy do československa.
sentence00977|instalovanou sochu judy tadeáše vytesal podle barokního originálu antonína brauna.
sentence00978|arogantní a ignorantní prodavači vám za přemrštěné peníze nabízejí cosi v pěkné krabici.
sentence00979|potom byly pokusy o přetřásání podstatných problémů a programové půtky pošetilostí prosťáčků.
sentence00980|několik rachejtlí totiž přilétlo rovnou do zaplněných tribun.
sentence00981|slastný pocit si včera vychutnávali všichni nadšenci spjatí s prvoligovým fotbalovým klubem v blšanech.
sentence00982|v případě šestého jezdce jsem se rozhodoval mezi sebou a vojkůvkou a usoudil jsem.
sentence00983|jsou nečekané návraty pavla srníčka a petra kouby ze zahraničních angažmá předzvěstí nového trendu.
sentence00984|protože manšaft se teprve utváří a možná i z toho pramení yndyvyduálňí chyby.
sentence00985|kdy po dvou žlutých kartách skončil zápas také pro chorvatského hráče monaka špehara.
sentence00986|zápas plný chyb v obraně a rychlých protiútoků rozhodli během šesti minut čerbajev a němčický.
sentence00987|naopak pracovník sedačkové lanové dráhy na portášky ve velké úpě dušan maják si všiml.
sentence00988|je obzvláště pro věřící synonymem vraždy a smrtelného hříchu.
sentence00989|na banální otázky pídící se po zdrojích peněz k tomu potřebných zaznívala stereotypní bohorovná odpověď.
sentence00990|která v souvislosti s pohybem číšníka po berounských restauracích v tomto městě vypukla.
sentence00991|vacek na tento rezort nastoupil jako grulichův poradce krátce po parlamentních volbách.
sentence00992|při druhém čtení budou moci poslanci předkládat dílčí pozměňovací a doplňující návrhy k vládní předloze.
sentence00993|ke které došlo den před střelbou ve varnsdorfské kinokavárně.
sentence00994|který umožňuje soukromým firmám vynášet na oběžnou dráhu družice pomocí víceúčelových nosičů.
sentence00996|posouvají své redakční uzávěrky a tisknou různé regyjonálňí mutace.
sentence00997|na nápor zlodějů a jejich zvyšující se drzost a agresivitu si stěžují olomoučtí obchodníci.
sentence00998|vánoční půlnoční mši sloužil letos tradyčňe ve zcela zaplněné svatovítské katedrále pražský arcibiskup miloslav vlk.
sentence00999|občas se přeřekne a místo dámy a pánové řekne soudruzi a soudružky.
sentence01000|kterému je jinak všecko šumafuk a které se dusí smíchem a bůčkem.
sentence01001|popisuje pavel kosatík v nejuznávanější životopisné knize o životě olgy havlové člověk má dělat to.
sentence01002|že on sám v kanceláři našel jakýsi kufr s podprsenkou své předchůdkyně.
sentence01003|šíje dítěte ztuhla a týl se mu bolestně zaryl do ztvrdlého sněhu.
sentence01004|žaludeční šťávy se přelévaly a žbluňkaly o sebe.
sentence01005|přirozené podmínky výskytu dusičnanů ve vodách byly postupně narušovány růstem lidských sídlištních celků.
